timestamp,open,high,low,close,volume,date
1718582400000,0.004423,0.005213,0.004372,0.004843,22895397853.0,2024-06-17
1718668800000,0.004844,0.004929,0.003947,0.004127,45606444144.0,2024-06-18
1718755200000,0.004128,0.004399,0.004,0.004204,22446424201.0,2024-06-19
1718841600000,0.004203,0.00442,0.003822,0.003845,19127997560.0,2024-06-20
1718928000000,0.003844,0.003933,0.003661,0.003782,9632806539.0,2024-06-21
1719014400000,0.003783,0.004137,0.003684,0.003954,10904962650.0,2024-06-22
1719100800000,0.003951,0.004084,0.003597,0.003627,9094568234.0,2024-06-23
1719187200000,0.003627,0.003754,0.003389,0.00372,9960936919.0,2024-06-24
1719273600000,0.00372,0.004132,0.003698,0.003945,9204707292.0,2024-06-25
1719360000000,0.003945,0.004115,0.003817,0.003844,7441126892.0,2024-06-26
1719446400000,0.003844,0.004429,0.003746,0.004367,11886397626.0,2024-06-27
1719532800000,0.004367,0.004554,0.004069,0.004089,13956723726.0,2024-06-28
1719619200000,0.004089,0.004486,0.004085,0.004173,7413503017.0,2024-06-29
1719705600000,0.004174,0.004598,0.004037,0.0045,9023431981.0,2024-06-30
1719792000000,0.004498,0.004895,0.004428,0.00465,15300705818.0,2024-07-01
1719878400000,0.00465,0.004771,0.004385,0.004574,8438408121.0,2024-07-02
1719964800000,0.004574,0.0047,0.003989,0.003999,8871258498.0,2024-07-03
1720051200000,0.003998,0.004059,0.003408,0.003451,9039102369.0,2024-07-04
1720137600000,0.00345,0.003505,0.00299,0.003385,13073611743.0,2024-07-05
1720224000000,0.003385,0.003872,0.003341,0.003803,7339171848.0,2024-07-06
1720310400000,0.003803,0.003831,0.003321,0.003353,6635951448.0,2024-07-07
1720396800000,0.003354,0.003677,0.003163,0.003405,8566215159.0,2024-07-08
1720483200000,0.003404,0.003614,0.003331,0.003512,4911523291.0,2024-07-09
1720569600000,0.003511,0.003691,0.00342,0.003536,3907349981.0,2024-07-10
1720656000000,0.003537,0.003698,0.003272,0.003278,4679548720.0,2024-07-11
1720742400000,0.003278,0.003281,0.003071,0.003147,9615792396.0,2024-07-12
1720828800000,0.003147,0.003241,0.003071,0.003182,5119018179.0,2024-07-13
1720915200000,0.003183,0.003399,0.00318,0.00335,6845337196.0,2024-07-14
1721001600000,0.003349,0.004114,0.003334,0.004057,9810375251.0,2024-07-15
1721088000000,0.004056,0.004275,0.003729,0.004069,12163073928.0,2024-07-16
1721174400000,0.00407,0.00425,0.003834,0.003841,5674095291.0,2024-07-17
1721260800000,0.003842,0.004125,0.003715,0.0039,6210765947.0,2024-07-18
1721347200000,0.0039,0.00434,0.00376,0.004285,8724492764.0,2024-07-19
1721433600000,0.004287,0.005512,0.004251,0.005363,48369796371.0,2024-07-20
1721520000000,0.005363,0.007488,0.005221,0.007427,114793713176.0,2024-07-21
1721606400000,0.007427,0.008589,0.007,0.007737,128851247168.0,2024-07-22
1721692800000,0.007736,0.008662,0.006822,0.00801,105638263722.0,2024-07-23
1721779200000,0.008009,0.008824,0.007176,0.007271,103543304746.0,2024-07-24
1721865600000,0.00727,0.007757,0.006206,0.007607,115019309643.0,2024-07-25
1721952000000,0.007606,0.008187,0.00714,0.00763,65135059336.0,2024-07-26
1722038400000,0.007629,0.008421,0.006666,0.006865,65633297928.0,2024-07-27
1722124800000,0.006865,0.007053,0.006341,0.00643,43846247969.0,2024-07-28
1722211200000,0.00643,0.006982,0.006304,0.006374,48768468663.0,2024-07-29
1722297600000,0.006375,0.00694,0.006266,0.006431,40540332754.0,2024-07-30
1722384000000,0.00643,0.00742,0.006322,0.006611,54600559108.0,2024-07-31
1722470400000,0.00661,0.006722,0.005627,0.006212,57016281909.0,2024-08-01
1722556800000,0.006213,0.00654,0.005484,0.00559,44611635091.0,2024-08-02
1722643200000,0.005591,0.005785,0.005002,0.005155,32319502943.0,2024-08-03
1722729600000,0.005155,0.005249,0.004304,0.004525,42172569507.0,2024-08-04
1722816000000,0.004526,0.004614,0.003396,0.004115,95840777006.0,2024-08-05
1722902400000,0.004116,0.006058,0.004105,0.005848,93273801909.0,2024-08-06
1722988800000,0.005848,0.006285,0.00518,0.005324,76414566708.0,2024-08-07
1723075200000,0.005325,0.005862,0.005141,0.005746,54139658139.0,2024-08-08
1723161600000,0.005746,0.005824,0.005014,0.005145,47850949234.0,2024-08-09
1723248000000,0.005144,0.005283,0.005003,0.005126,25126043458.0,2024-08-10
1723334400000,0.005126,0.00524,0.004268,0.004283,39323668770.0,2024-08-11
1723420800000,0.004282,0.004735,0.004253,0.004511,42357876112.0,2024-08-12
1723507200000,0.004511,0.004847,0.004322,0.004734,28742475792.0,2024-08-13
1723593600000,0.004735,0.004798,0.004317,0.004376,33806184956.0,2024-08-14
1723680000000,0.004377,0.00497,0.004359,0.004496,46869631656.0,2024-08-15
1723766400000,0.004497,0.004595,0.004162,0.004348,32141498693.0,2024-08-16
1723852800000,0.004347,0.004753,0.004296,0.00464,16494927564.0,2024-08-17
1723939200000,0.004641,0.004782,0.004484,0.004508,17303644657.0,2024-08-18
1724025600000,0.004509,0.004845,0.004421,0.004797,22913059937.0,2024-08-19
1724112000000,0.004795,0.00528,0.004727,0.004832,25802312422.0,2024-08-20
1724198400000,0.004832,0.004885,0.004529,0.004685,15436942533.0,2024-08-21
1724284800000,0.004685,0.00478,0.004578,0.004721,10645915267.0,2024-08-22
1724371200000,0.004721,0.005854,0.004721,0.005669,26332820569.0,2024-08-23
1724457600000,0.005668,0.006,0.005547,0.005676,16752671729.0,2024-08-24
1724544000000,0.005676,0.005703,0.0052,0.005375,15684570904.0,2024-08-25
1724630400000,0.005375,0.005433,0.004692,0.004737,17168942917.0,2024-08-26
1724716800000,0.004738,0.004866,0.004291,0.004416,13904325224.0,2024-08-27
1724803200000,0.004415,0.004556,0.004077,0.004249,14145529063.0,2024-08-28
1724889600000,0.004249,0.004537,0.004161,0.004235,10569947341.0,2024-08-29
1724976000000,0.004234,0.004399,0.004008,0.00428,10643682088.0,2024-08-30
1725062400000,0.004279,0.00433,0.004033,0.004075,5854991809.0,2024-08-31
1725148800000,0.004075,0.004109,0.00376,0.003782,9438151626.0,2024-09-01
1725235200000,0.003781,0.004226,0.003735,0.004156,12524469269.0,2024-09-02
1725321600000,0.004156,0.004324,0.003911,0.003926,11537333827.0,2024-09-03
1725408000000,0.003926,0.004281,0.003691,0.00416,14939112784.0,2024-09-04
1725494400000,0.004159,0.004207,0.003904,0.003973,8671913722.0,2024-09-05
1725580800000,0.003973,0.00426,0.00375,0.003967,15123635231.0,2024-09-06
1725667200000,0.003967,0.004168,0.003897,0.004027,7231248393.0,2024-09-07
1725753600000,0.004027,0.004234,0.003945,0.004135,7535333576.0,2024-09-08
1725840000000,0.004136,0.004563,0.00405,0.004447,13829506542.0,2024-09-09
1725926400000,0.004447,0.004605,0.004288,0.004475,11554589736.0,2024-09-10
1726012800000,0.004476,0.004485,0.004086,0.004271,12839111164.0,2024-09-11
1726099200000,0.004271,0.004378,0.004176,0.004255,7825524476.0,2024-09-12
1726185600000,0.004255,0.004788,0.004132,0.00465,16874118743.0,2024-09-13
1726272000000,0.004651,0.00475,0.004318,0.00437,10908295176.0,2024-09-14
1726358400000,0.004371,0.004423,0.004047,0.004093,9578419767.0,2024-09-15
1726444800000,0.004093,0.004265,0.004005,0.004129,10849828341.0,2024-09-16
1726531200000,0.00413,0.004324,0.004064,0.004239,10143749909.0,2024-09-17
1726617600000,0.004239,0.00452,0.004046,0.004514,14630458585.0,2024-09-18
1726704000000,0.004515,0.005784,0.004452,0.005393,61080196150.0,2024-09-19
1726790400000,0.005392,0.005856,0.005177,0.005341,30113959676.0,2024-09-20
1726876800000,0.005341,0.005347,0.004969,0.005065,9838984735.0,2024-09-21
1726963200000,0.005064,0.00508,0.004518,0.004699,13903750805.0,2024-09-22
1727049600000,0.004699,0.005705,0.004602,0.005488,23842085112.0,2024-09-23
1727136000000,0.005487,0.005993,0.005231,0.005836,24952677525.0,2024-09-24
1727222400000,0.005836,0.006473,0.005773,0.006112,25666562641.0,2024-09-25
1727308800000,0.006111,0.006731,0.006033,0.006556,22654468867.0,2024-09-26
1727395200000,0.006555,0.006989,0.006039,0.006109,17743889800.0,2024-09-27
1727481600000,0.006109,0.006452,0.0057,0.006084,14833998803.0,2024-09-28
1727568000000,0.006083,0.006554,0.005862,0.006257,16297927435.0,2024-09-29
1727654400000,0.006258,0.006413,0.005659,0.005731,17954164894.0,2024-09-30
1727740800000,0.00573,0.006061,0.004849,0.005103,18260191039.0,2024-10-01
1727827200000,0.005102,0.005343,0.004777,0.004982,12724106608.0,2024-10-02
1727913600000,0.004982,0.005108,0.004569,0.004803,11127559005.0,2024-10-03
1728000000000,0.004801,0.005733,0.004737,0.005637,15896365259.0,2024-10-04
1728086400000,0.005636,0.005834,0.005354,0.005541,13138804071.0,2024-10-05
1728172800000,0.005542,0.006332,0.005468,0.006194,15016076900.0,2024-10-06
1728259200000,0.006194,0.007754,0.005988,0.007162,54137385631.0,2024-10-07
1728345600000,0.007162,0.007333,0.00621,0.006289,39445301245.0,2024-10-08
1728432000000,0.00629,0.006649,0.005715,0.005821,29468315306.0,2024-10-09
1728518400000,0.005822,0.006041,0.005589,0.005913,22265149138.0,2024-10-10
1728604800000,0.005914,0.00684,0.005822,0.006604,28319757387.0,2024-10-11
1728691200000,0.006605,0.007055,0.006305,0.006824,24748432679.0,2024-10-12
1728777600000,0.006825,0.007069,0.00648,0.006743,24479221150.0,2024-10-13
1728864000000,0.006744,0.008799,0.00661,0.008741,36461236031.0,2024-10-14
1728950400000,0.008742,0.009324,0.0078,0.008468,59792218978.0,2024-10-15
1729036800000,0.008468,0.009046,0.007799,0.008392,38926400531.0,2024-10-16
1729123200000,0.008392,0.009073,0.008188,0.008445,48376242824.0,2024-10-17
1729209600000,0.008445,0.0098,0.008302,0.009212,44754089590.0,2024-10-18
1729296000000,0.009212,0.009246,0.008642,0.008739,16700607714.0,2024-10-19
1729382400000,0.008739,0.008959,0.008325,0.00891,16019308411.0,2024-10-20
1729468800000,0.00891,0.010515,0.008436,0.009247,61339611284.0,2024-10-21
1729555200000,0.009247,0.009404,0.008674,0.009205,22267476022.0,2024-10-22
1729641600000,0.009204,0.009685,0.0087,0.008991,27957712280.0,2024-10-23
1729728000000,0.008993,0.011716,0.00899,0.011254,72645369437.0,2024-10-24
1729814400000,0.011253,0.01173,0.009826,0.010068,49196449807.0,2024-10-25
1729900800000,0.010068,0.010832,0.00959,0.010301,26258525342.0,2024-10-26
1729987200000,0.010301,0.010439,0.0097,0.01,16999097442.0,2024-10-27
1730073600000,0.01,0.01009,0.009006,0.009732,28892024952.0,2024-10-28
1730160000000,0.009735,0.01055,0.009597,0.010011,26002868434.0,2024-10-29
1730246400000,0.010011,0.010172,0.009441,0.009553,13334090771.0,2024-10-30
1730332800000,0.009553,0.00976,0.00902,0.00905,13816716266.0,2024-10-31
1730419200000,0.009051,0.009805,0.008593,0.009296,23399271998.0,2024-11-01
1730505600000,0.009295,0.009376,0.008651,0.008776,12573662006.0,2024-11-02
1730592000000,0.008777,0.008858,0.007928,0.008473,15115035480.0,2024-11-03
1730678400000,0.008471,0.008682,0.007635,0.007801,14352472164.0,2024-11-04
1730764800000,0.007801,0.008931,0.007753,0.008529,16875187934.0,2024-11-05
1730851200000,0.00853,0.009777,0.008506,0.009676,23345827630.0,2024-11-06
1730937600000,0.009677,0.010194,0.008931,0.009956,18308551001.0,2024-11-07
1731024000000,0.009958,0.010223,0.009063,0.009377,15277845545.0,2024-11-08
1731110400000,0.009379,0.009488,0.008909,0.009396,11488339810.0,2024-11-09
1731196800000,0.009397,0.011592,0.009231,0.010768,33761516175.0,2024-11-10
1731283200000,0.010769,0.011882,0.0105,0.011497,28585308740.0,2024-11-11
1731369600000,0.011498,0.011607,0.009423,0.010186,33270546185.0,2024-11-12
1731456000000,0.010188,0.011233,0.008959,0.010913,36317814885.0,2024-11-13
1731542400000,0.010913,0.012537,0.009953,0.010145,38461620456.0,2024-11-14
1731628800000,0.010144,0.01165,0.009685,0.011434,21031817534.0,2024-11-15
1731715200000,0.011435,0.012394,0.010854,0.011399,19735722322.0,2024-11-16
1731801600000,0.0114,0.012967,0.010636,0.012152,27275209098.0,2024-11-17
1731888000000,0.012154,0.012283,0.011086,0.011537,12659309814.0,2024-11-18
1731974400000,0.011536,0.011563,0.010687,0.010983,8908934997.0,2024-11-19
1732060800000,0.010983,0.01099,0.010145,0.010316,7588999928.0,2024-11-20
1732147200000,0.010315,0.01055,0.00856,0.010275,14968078696.0,2024-11-21
1732233600000,0.010274,0.01028,0.009475,0.010065,8777581308.0,2024-11-22
1732320000000,0.010064,0.01039,0.009512,0.009887,10863425789.0,2024-11-23
1732406400000,0.009885,0.010122,0.008856,0.009543,9860831771.0,2024-11-24
1732492800000,0.009543,0.009802,0.008844,0.009079,8403703246.0,2024-11-25
1732579200000,0.009078,0.009511,0.008694,0.009341,9512302266.0,2024-11-26
1732665600000,0.009337,0.009761,0.009102,0.009623,5603078075.0,2024-11-27
1732752000000,0.009622,0.010035,0.009215,0.009452,6462139591.0,2024-11-28
1732838400000,0.009453,0.009781,0.009363,0.009695,5230842203.0,2024-11-29
1732924800000,0.00969,0.009691,0.009348,0.009473,5092492548.0,2024-11-30
1733011200000,0.009474,0.010374,0.009358,0.009916,12016042450.0,2024-12-01
1733097600000,0.009916,0.010205,0.008921,0.009473,11256638954.0,2024-12-02
1733184000000,0.009473,0.009626,0.008345,0.009197,12109550797.0,2024-12-03
1733270400000,0.009198,0.009523,0.008854,0.009385,7682703251.0,2024-12-04
1733356800000,0.009386,0.009703,0.008837,0.00928,9449907445.0,2024-12-05
1733443200000,0.00928,0.009567,0.008933,0.009293,5146225738.0,2024-12-06
1733529600000,0.009293,0.010139,0.009153,0.009718,9036713076.0,2024-12-07
1733616000000,0.009718,0.010262,0.00943,0.009956,9538752654.0,2024-12-08
1733702400000,0.009956,0.009977,0.006459,0.008155,16665409165.0,2024-12-09
1733788800000,0.008155,0.008269,0.007013,0.007608,11508716498.0,2024-12-10
1733875200000,0.007608,0.008805,0.00737,0.008595,10396291503.0,2024-12-11
1733961600000,0.008594,0.00888,0.008113,0.008235,6533613759.0,2024-12-12
1734048000000,0.008235,0.008292,0.007905,0.008156,4217915945.0,2024-12-13
1734134400000,0.008157,0.008217,0.007534,0.007792,3549362208.0,2024-12-14
1734220800000,0.007794,0.008006,0.007537,0.007958,2974330469.0,2024-12-15
1734307200000,0.007957,0.008065,0.007429,0.007582,5108907945.0,2024-12-16
1734393600000,0.007582,0.007704,0.00725,0.007366,4783984859.0,2024-12-17
1734480000000,0.007367,0.007389,0.0063,0.006491,8319567676.0,2024-12-18
1734566400000,0.006492,0.006696,0.005791,0.006054,10314233722.0,2024-12-19
1734652800000,0.006053,0.006378,0.005223,0.006343,10386053746.0,2024-12-20
1734739200000,0.006342,0.006845,0.00602,0.006129,7826823554.0,2024-12-21
1734825600000,0.006129,0.006652,0.005935,0.006256,7369984428.0,2024-12-22
1734912000000,0.006256,0.006724,0.006037,0.006546,5198723042.0,2024-12-23
1734998400000,0.006545,0.006812,0.006379,0.006747,3884496539.0,2024-12-24
1735084800000,0.006746,0.007032,0.006481,0.006599,4016883161.0,2024-12-25
1735171200000,0.006599,0.006745,0.006118,0.006219,4542132230.0,2024-12-26
1735257600000,0.006221,0.006721,0.006165,0.006476,7056667250.0,2024-12-27
1735344000000,0.006477,0.006734,0.006318,0.006664,4317455039.0,2024-12-28
1735430400000,0.006664,0.00674,0.006235,0.006307,3125797925.0,2024-12-29
1735516800000,0.006307,0.006942,0.006296,0.006631,8277152958.0,2024-12-30
1735603200000,0.006631,0.006774,0.006212,0.006427,5264111256.0,2024-12-31
1735689600000,0.006426,0.006533,0.006163,0.006458,2138461992.0,2025-01-01
1735776000000,0.006459,0.006815,0.006385,0.006687,3334738771.0,2025-01-02
1735862400000,0.006688,0.00717,0.006535,0.007097,3594350585.0,2025-01-03
1735948800000,0.007097,0.00713,0.006834,0.006969,2774227070.0,2025-01-04
1736035200000,0.006969,0.006978,0.006713,0.00683,2216868547.0,2025-01-05
1736121600000,0.006831,0.007199,0.00669,0.007037,3696467713.0,2025-01-06
1736208000000,0.007036,0.007047,0.006202,0.006238,4207396660.0,2025-01-07
1736294400000,0.006236,0.006303,0.005613,0.005946,3742082692.0,2025-01-08
1736380800000,0.005946,0.006042,0.005553,0.005682,4253280117.0,2025-01-09
1736467200000,0.005682,0.005988,0.005681,0.005853,4395868056.0,2025-01-10
1736553600000,0.005852,0.005978,0.005747,0.005855,1218545372.0,2025-01-11
1736640000000,0.005856,0.005865,0.005656,0.005753,1199234642.0,2025-01-12
1736726400000,0.005754,0.005888,0.005135,0.00551,4046260433.0,2025-01-13
1736812800000,0.005509,0.005757,0.005496,0.005702,1893112146.0,2025-01-14
1736899200000,0.005702,0.006175,0.005566,0.006146,2504976683.0,2025-01-15
1736985600000,0.006146,0.006181,0.005859,0.005996,3724960630.0,2025-01-16
1737072000000,0.005996,0.006474,0.005976,0.006422,3603558646.0,2025-01-17
1737158400000,0.006423,0.006753,0.005971,0.006324,11687475659.0,2025-01-18
1737244800000,0.006325,0.006558,0.005361,0.005477,13979697205.0,2025-01-19
1737331200000,0.005478,0.005841,0.005035,0.00515,9583261297.0,2025-01-20
1737417600000,0.005149,0.00534,0.004872,0.00516,4914015444.0,2025-01-21
1737504000000,0.005161,0.005391,0.005102,0.005163,3581193459.0,2025-01-22
1737590400000,0.005163,0.00518,0.004837,0.004988,4468604368.0,2025-01-23
1737676800000,0.004991,0.005192,0.004762,0.004799,3068122626.0,2025-01-24
1737763200000,0.0048,0.004885,0.004678,0.004804,2296269039.0,2025-01-25
1737849600000,0.004805,0.004963,0.00464,0.004652,2111395163.0,2025-01-26
1737936000000,0.004651,0.004653,0.004086,0.004385,5243255784.0,2025-01-27
1738022400000,0.004384,0.004467,0.004065,0.004108,2752218239.0,2025-01-28
1738108800000,0.004108,0.004455,0.004095,0.004244,3860954613.0,2025-01-29
1738195200000,0.004245,0.004511,0.004212,0.004359,1877139878.0,2025-01-30
1738281600000,0.004359,0.004601,0.004295,0.004339,2105207783.0,2025-01-31
1738368000000,0.004339,0.004475,0.003827,0.003856,2858018197.0,2025-02-01
1738454400000,0.003856,0.004004,0.0031,0.00331,7813976518.0,2025-02-02
1738540800000,0.003312,0.00354,0.002508,0.003488,12812216299.0,2025-02-03
1738627200000,0.003488,0.003526,0.003138,0.003251,5473749511.0,2025-02-04
1738713600000,0.003252,0.003346,0.003022,0.003046,3160059346.0,2025-02-05
1738800000000,0.003045,0.003151,0.002773,0.002801,3621701296.0,2025-02-06
1738886400000,0.0028,0.00302,0.002696,0.002794,3603792347.0,2025-02-07
1738972800000,0.002794,0.003096,0.002748,0.003075,2509680091.0,2025-02-08
1739059200000,0.003075,0.003204,0.002837,0.003012,3360735524.0,2025-02-09
1739145600000,0.003011,0.003147,0.00289,0.003047,2757798611.0,2025-02-10
1739232000000,0.003047,0.003234,0.002961,0.003034,2789017558.0,2025-02-11
1739318400000,0.003033,0.003222,0.002866,0.003181,3697965147.0,2025-02-12
1739404800000,0.003182,0.003199,0.003005,0.003075,2146060966.0,2025-02-13
1739491200000,0.003076,0.003377,0.003064,0.003217,3936460979.0,2025-02-14
1739577600000,0.003216,0.00324,0.003013,0.003054,2180160224.0,2025-02-15
1739664000000,0.003054,0.003139,0.00297,0.003008,2125891211.0,2025-02-16
1739750400000,0.003008,0.003064,0.002836,0.002929,2387011771.0,2025-02-17
1739836800000,0.002929,0.002941,0.002592,0.002723,3311347725.0,2025-02-18
1739923200000,0.002722,0.002812,0.00266,0.002731,2258998081.0,2025-02-19
1740009600000,0.002732,0.002892,0.002724,0.002881,2768422525.0,2025-02-20
1740096000000,0.002881,0.003127,0.002771,0.002793,5424223760.0,2025-02-21
1740182400000,0.002793,0.003,0.00277,0.002955,2364485162.0,2025-02-22
1740268800000,0.002954,0.002988,0.002805,0.002848,2412057396.0,2025-02-23
1740355200000,0.002849,0.002873,0.002368,0.002425,5571151040.0,2025-02-24
1740441600000,0.002425,0.002454,0.00222,0.002401,9910793734.0,2025-02-25
1740528000000,0.002402,0.002451,0.002181,0.002302,6095645844.0,2025-02-26
1740614400000,0.002302,0.002479,0.002264,0.002351,5679130023.0,2025-02-27
1740700800000,0.002351,0.00258,0.00222,0.002501,14590234140.0,2025-02-28
1740787200000,0.002501,0.002513,0.002338,0.002398,3966026225.0,2025-03-01
1740873600000,0.002399,0.002793,0.002345,0.002745,8656012951.0,2025-03-02
1740960000000,0.002745,0.00276,0.00214,0.002205,8915269368.0,2025-03-03
1741046400000,0.002204,0.002223,0.001951,0.00211,8538594041.0,2025-03-04
1741132800000,0.002109,0.002218,0.002073,0.002168,4013082991.0,2025-03-05
1741219200000,0.002168,0.002225,0.002084,0.002121,3809931289.0,2025-03-06
1741305600000,0.002121,0.00222,0.001987,0.002086,6550267812.0,2025-03-07
1741392000000,0.002086,0.002121,0.002007,0.002036,2079002140.0,2025-03-08
1741478400000,0.002036,0.002053,0.001789,0.001822,4384733287.0,2025-03-09
1741564800000,0.001823,0.001958,0.001683,0.001721,5612642469.0,2025-03-10
1741651200000,0.001722,0.001869,0.001612,0.001829,6671554223.0,2025-03-11
1741737600000,0.00183,0.001907,0.001758,0.001861,5120664960.0,2025-03-12
1741824000000,0.001861,0.001899,0.00175,0.001808,3369007923.0,2025-03-13
1741910400000,0.001809,0.001948,0.001795,0.001899,3001153638.0,2025-03-14
1741996800000,0.001899,0.001957,0.001883,0.001951,1749178682.0,2025-03-15
1742083200000,0.00195,0.001968,0.001805,0.001827,2922984175.0,2025-03-16
1742169600000,0.001828,0.001991,0.001826,0.001951,3351667987.0,2025-03-17
1742256000000,0.001951,0.001952,0.001808,0.001896,5134705774.0,2025-03-18
1742342400000,0.001896,0.002009,0.001871,0.002005,8892454582.0,2025-03-19
1742428800000,0.002005,0.002057,0.001913,0.001942,6048591182.0,2025-03-20
1742515200000,0.001942,0.001962,0.001875,0.00193,3797305348.0,2025-03-21
1742601600000,0.00193,0.002092,0.00193,0.00207,3235065953.0,2025-03-22
1742688000000,0.00207,0.002124,0.00204,0.002113,3924139435.0,2025-03-23
1742774400000,0.002113,0.002239,0.002056,0.002165,4877350231.0,2025-03-24
1742860800000,0.002164,0.002427,0.002114,0.002295,8836928374.0,2025-03-25
1742947200000,0.002294,0.003019,0.002262,0.002781,128883805009.0,2025-03-26
1743033600000,0.002781,0.002918,0.002507,0.002514,60012926649.0,2025-03-27
1743120000000,0.002514,0.002515,0.002229,0.002258,18152910167.0,2025-03-28
1743206400000,0.002258,0.002701,0.002257,0.002624,58183422312.0,2025-03-29
1743292800000,0.002624,0.00289,0.002506,0.002624,72703362299.0,2025-03-30
1743379200000,0.002624,0.002685,0.002436,0.002509,29882927668.0,2025-03-31
1743465600000,0.002509,0.002897,0.002496,0.00287,38196935116.0,2025-04-01
1743552000000,0.002869,0.00344,0.002811,0.003047,71299314793.0,2025-04-02
1743638400000,0.003048,0.003284,0.002713,0.002909,31518524676.0,2025-04-03
1743724800000,0.002909,0.002984,0.002633,0.00283,22521657838.0,2025-04-04
1743811200000,0.002829,0.00284,0.002598,0.002724,9865708438.0,2025-04-05
1743897600000,0.002723,0.002751,0.002213,0.002253,12057446287.0,2025-04-06
1743984000000,0.002253,0.002277,0.001938,0.00214,23827311722.0,2025-04-07
1744070400000,0.00214,0.002162,0.001953,0.001964,11267462420.0,2025-04-08
1744156800000,0.001965,0.002268,0.001875,0.002261,13986701354.0,2025-04-09
1744243200000,0.002262,0.002272,0.002071,0.002109,8879981138.0,2025-04-10
1744329600000,0.002108,0.002479,0.002095,0.002449,18328573257.0,2025-04-11
1744416000000,0.002449,0.002613,0.002408,0.002551,16461985937.0,2025-04-12
1744502400000,0.002551,0.002581,0.002263,0.002309,8413440292.0,2025-04-13
1744588800000,0.00231,0.002478,0.0023,0.002352,8957657094.0,2025-04-14
1744675200000,0.002353,0.002426,0.002253,0.00226,4403456072.0,2025-04-15
1744761600000,0.00226,0.002351,0.002161,0.002288,5511471645.0,2025-04-16
1744848000000,0.002288,0.002319,0.002186,0.002241,3175832593.0,2025-04-17
1744934400000,0.00224,0.002472,0.0022,0.002422,7086941524.0,2025-04-18
1745020800000,0.002422,0.002548,0.002381,0.002393,4501130875.0,2025-04-19
1745107200000,0.002392,0.002522,0.002285,0.002418,4902802770.0,2025-04-20
1745193600000,0.002418,0.002524,0.002393,0.002456,4018424651.0,2025-04-21
1745280000000,0.002456,0.002815,0.002396,0.002756,13240058884.0,2025-04-22
1745366400000,0.002757,0.002923,0.002694,0.002714,9372243433.0,2025-04-23
1745452800000,0.002714,0.002738,0.002533,0.0027,4224015444.0,2025-04-24
1745539200000,0.0027,0.00294,0.002697,0.002906,8092750619.0,2025-04-25
1745625600000,0.002906,0.003031,0.002773,0.002898,6092018121.0,2025-04-26
1745712000000,0.002898,0.00295,0.002701,0.002789,3695827268.0,2025-04-27
1745798400000,0.002788,0.002992,0.002632,0.002951,6958777454.0,2025-04-28
1745884800000,0.002952,0.002993,0.002791,0.002834,4476725272.0,2025-04-29
1745971200000,0.002834,0.002983,0.00271,0.00286,4488695317.0,2025-04-30
1746057600000,0.002861,0.002941,0.00283,0.002863,2945148277.0,2025-05-01
1746144000000,0.002863,0.003188,0.002852,0.003146,14571524740.0,2025-05-02
1746230400000,0.003145,0.003146,0.002784,0.002806,5374482133.0,2025-05-03
1746316800000,0.002806,0.002912,0.00267,0.002695,5431222315.0,2025-05-04
1746403200000,0.002695,0.002764,0.002612,0.002702,4736202000.0,2025-05-05
1746489600000,0.002703,0.002725,0.002467,0.002607,3954141082.0,2025-05-06
1746576000000,0.002608,0.002859,0.002591,0.002832,4839856874.0,2025-05-07
1746662400000,0.002832,0.003263,0.002798,0.003167,6807942678.0,2025-05-08
1746748800000,0.003167,0.003679,0.003128,0.003554,16257614266.0,2025-05-09
1746835200000,0.003554,0.003812,0.003433,0.003703,10244363873.0,2025-05-10
1746921600000,0.003703,0.003708,0.003402,0.003511,5572244315.0,2025-05-11
1747008000000,0.00351,0.004509,0.003486,0.00393,39808395322.0,2025-05-12
1747094400000,0.003931,0.004131,0.003597,0.004024,15622890803.0,2025-05-13
1747180800000,0.004024,0.004029,0.003636,0.00369,10119579022.0,2025-05-14
1747267200000,0.00369,0.003721,0.003263,0.003362,10537603287.0,2025-05-15
1747353600000,0.003363,0.003523,0.003274,0.003317,4844705186.0,2025-05-16
1747440000000,0.003318,0.003338,0.003066,0.003107,4167164844.0,2025-05-17
1747526400000,0.003108,0.003502,0.003097,0.00344,6363769241.0,2025-05-18
1747612800000,0.003441,0.003483,0.003113,0.003337,4729923842.0,2025-05-19
1747699200000,0.003338,0.003432,0.003165,0.003341,4099618083.0,2025-05-20
1747785600000,0.003343,0.003619,0.003269,0.003517,6772278663.0,2025-05-21
1747872000000,0.003516,0.004361,0.003512,0.004091,26233758828.0,2025-05-22
1747958400000,0.004092,0.004848,0.003809,0.003853,76896576192.0,2025-05-23
1748044800000,0.003854,0.00421,0.00384,0.0041,20817107246.0,2025-05-24
1748131200000,0.004101,0.004133,0.003675,0.003998,12469917355.0,2025-05-25
1748217600000,0.003998,0.004161,0.003868,0.003989,9185746575.0,2025-05-26
1748304000000,0.003988,0.004097,0.00381,0.004044,7790618389.0,2025-05-27
1748390400000,0.004042,0.004101,0.003666,0.003832,6911756406.0,2025-05-28
1748476800000,0.003832,0.003997,0.003584,0.003624,6967861588.0,2025-05-29
1748563200000,0.003623,0.003642,0.003016,0.003067,9868598827.0,2025-05-30
1748649600000,0.003067,0.003354,0.002928,0.003229,8997424269.0,2025-05-31
1748736000000,0.003229,0.003363,0.003148,0.003324,6612668993.0,2025-06-01
1748822400000,0.003325,0.003346,0.003136,0.003301,4369152043.0,2025-06-02
1748908800000,0.003302,0.003516,0.003293,0.003333,5471551603.0,2025-06-03
1748995200000,0.003333,0.003385,0.00315,0.003188,3427392483.0,2025-06-04
1749081600000,0.003188,0.003229,0.002809,0.002943,6097973256.0,2025-06-05
1749168000000,0.002944,0.003163,0.002919,0.003022,3968677349.0,2025-06-06
1749254400000,0.003024,0.003199,0.003004,0.003151,2787128970.0,2025-06-07
1749340800000,0.003152,0.003212,0.003045,0.003121,2700758877.0,2025-06-08
1749427200000,0.00312,0.00343,0.003057,0.00341,5353887635.0,2025-06-09
1749513600000,0.00341,0.003505,0.003271,0.003479,4875284321.0,2025-06-10
1749600000000,0.003479,0.003492,0.003212,0.003262,3905108548.0,2025-06-11
1749686400000,0.003263,0.003269,0.002948,0.002969,4244689183.0,2025-06-12
1749772800000,0.002969,0.002972,0.002697,0.002906,6262144171.0,2025-06-13
1749859200000,0.002907,0.002913,0.002724,0.002777,2897366447.0,2025-06-14
1749945600000,0.002778,0.002915,0.002762,0.002864,2759719382.0,2025-06-15
1750032000000,0.002865,0.003009,0.002798,0.002824,4851186185.0,2025-06-16
1750118400000,0.002823,0.002914,0.002615,0.002687,5824636541.0,2025-06-17
1750204800000,0.002688,0.002748,0.00254,0.002713,4450627266.0,2025-06-18
1750291200000,0.002713,0.002753,0.002612,0.002662,1979664567.0,2025-06-19
1750377600000,0.002662,0.002742,0.002498,0.002581,3906321759.0,2025-06-20
1750464000000,0.002581,0.002615,0.002348,0.002438,2997637899.0,2025-06-21
1750550400000,0.002438,0.002479,0.002176,0.002311,6622490764.0,2025-06-22
1750636800000,0.00231,0.002636,0.002291,0.00263,5435985636.0,2025-06-23
1750723200000,0.00263,0.002769,0.002581,0.002654,4417232427.0,2025-06-24
1750809600000,0.002655,0.002714,0.002523,0.002545,3879124843.0,2025-06-25
1750896000000,0.002545,0.00267,0.002428,0.002444,3188968934.0,2025-06-26
1750982400000,0.002444,0.002555,0.002392,0.002525,2823884494.0,2025-06-27
1751068800000,0.002524,0.002793,0.002485,0.002728,3642998510.0,2025-06-28
1751155200000,0.002729,0.002811,0.002643,0.00278,3644933047.0,2025-06-29
1751241600000,0.00278,0.002842,0.002603,0.002653,5499752029.0,2025-06-30
1751328000000,0.002654,0.002673,0.002465,0.00248,3561100051.0,2025-07-01
1751414400000,0.00248,0.002774,0.002428,0.002679,4701183074.0,2025-07-02
1751500800000,0.00268,0.00293,0.002674,0.002785,9744187665.0,2025-07-03
1751587200000,0.002785,0.002833,0.002534,0.002644,4270670253.0,2025-07-04
1751673600000,0.002644,0.002696,0.002556,0.002639,2666970417.0,2025-07-05
1751760000000,0.002639,0.002843,0.002607,0.002773,6259606647.0,2025-07-06
1751846400000,0.002773,0.002893,0.002621,0.002686,5874423819.0,2025-07-07
1751932800000,0.002687,0.002792,0.002622,0.002728,3591226393.0,2025-07-08
1752019200000,0.002729,0.00291,0.002698,0.002896,3743252047.0,2025-07-09
1752105600000,0.002896,0.003148,0.002839,0.003122,6941465880.0,2025-07-10
1752192000000,0.003122,0.003259,0.002959,0.003067,6680071512.0,2025-07-11
1752278400000,0.003068,0.003173,0.002973,0.003136,4722352052.0,2025-07-12
1752364800000,0.003137,0.003238,0.003075,0.003158,3896090918.0,2025-07-13
1752451200000,0.003159,0.00338,0.003048,0.003114,4931273992.0,2025-07-14
1752537600000,0.003113,0.003233,0.002945,0.003225,4818361155.0,2025-07-15
1752624000000,0.003225,0.003742,0.003128,0.003647,12333916171.0,2025-07-16
1752710400000,0.003647,0.004092,0.003536,0.003646,33204446133.0,2025-07-17
1752796800000,0.003647,0.003821,0.003511,0.003588,10326735771.0,2025-07-18
1752883200000,0.003588,0.004185,0.003587,0.004007,22782821357.0,2025-07-19
1752969600000,0.004007,0.004317,0.003966,0.004122,15082744653.0,2025-07-20
1753056000000,0.004122,0.004284,0.003929,0.004231,8568901890.0,2025-07-21
1753142400000,0.004231,0.004394,0.003985,0.004206,10404795075.0,2025-07-22
1753228800000,0.004206,0.00421,0.003524,0.003664,8432696759.0,2025-07-23
1753315200000,0.003667,0.003735,0.003342,0.003437,7964599714.0,2025-07-24
1753401600000,0.003437,0.003619,0.003273,0.003611,5249040917.0,2025-07-25
1753488000000,0.003611,0.003765,0.003571,0.003609,3736308498.0,2025-07-26
1753574400000,0.00361,0.003752,0.003601,0.003693,2864535298.0,2025-07-27
1753660800000,0.003694,0.003776,0.003374,0.003406,4382981402.0,2025-07-28
1753747200000,0.003406,0.003517,0.003229,0.003298,3150592024.0,2025-07-29
1753833600000,0.003299,0.00331,0.00306,0.003234,3375212781.0,2025-07-30
1753920000000,0.003235,0.003374,0.003041,0.003057,2977145227.0,2025-07-31
1754006400000,0.003057,0.00317,0.002851,0.002944,5147795278.0,2025-08-01
1754092800000,0.002944,0.003045,0.002797,0.002893,2462618310.0,2025-08-02
1754179200000,0.002892,0.003023,0.002842,0.002993,1413142686.0,2025-08-03
1754265600000,0.002993,0.003112,0.002989,0.003081,1885471560.0,2025-08-04
1754352000000,0.003081,0.003104,0.002872,0.002952,2266082466.0,2025-08-05
1754438400000,0.002953,0.003069,0.00287,0.003034,2087468372.0,2025-08-06
1754524800000,0.003034,0.003241,0.003011,0.003233,2215003062.0,2025-08-07
1754611200000,0.003233,0.003297,0.003137,0.003248,2367807902.0,2025-08-08
1754697600000,0.003249,0.003444,0.003225,0.003366,2334454090.0,2025-08-09
1754784000000,0.003365,0.003502,0.003222,0.003385,3717471028.0,2025-08-10
1754870400000,0.003386,0.003461,0.003074,0.00311,3054383506.0,2025-08-11
1754956800000,0.003111,0.003401,0.00301,0.003325,3159633463.0,2025-08-12
1755043200000,0.003324,0.003492,0.003316,0.003426,4408845686.0,2025-08-13
1755129600000,0.003427,0.003515,0.003013,0.003096,4903296794.0,2025-08-14
1755216000000,0.003096,0.003217,0.002964,0.003083,2820096626.0,2025-08-15
1755302400000,0.003082,0.003139,0.003044,0.003118,1336884819.0,2025-08-16
1755388800000,0.003118,0.003231,0.003088,0.003094,1630999147.0,2025-08-17
1755475200000,0.003094,0.003098,0.002908,0.002959,2470086954.0,2025-08-18
1755561600000,0.002959,0.002996,0.002788,0.002806,2117817841.0,2025-08-19
1755648000000,0.002807,0.002994,0.002774,0.002969,2027453167.0,2025-08-20
1755734400000,0.002969,0.002988,0.002816,0.002855,1508476176.0,2025-08-21
1755820800000,0.002854,0.003259,0.00274,0.003254,4728350922.0,2025-08-22
1755907200000,0.003255,0.003271,0.003101,0.003189,2328112520.0,2025-08-23
1755993600000,0.00319,0.003224,0.002991,0.00304,3039444427.0,2025-08-24
1756080000000,0.00304,0.003118,0.002698,0.002771,3492184161.0,2025-08-25
1756166400000,0.002769,0.00292,0.002723,0.002894,1980445094.0,2025-08-26
1756252800000,0.002895,0.002954,0.002846,0.002873,2273279771.0,2025-08-27
1756339200000,0.002873,0.00308,0.002842,0.003017,2757349597.0,2025-08-28
1756425600000,0.003018,0.003054,0.002777,0.002859,3370726765.0,2025-08-29
1756512000000,0.002858,0.002928,0.002795,0.002881,1152059605.0,2025-08-30
1756598400000,0.002881,0.002919,0.002793,0.002797,1165235168.0,2025-08-31
1756684800000,0.002797,0.002855,0.002622,0.002688,2861522839.0,2025-09-01
1756771200000,0.002689,0.002791,0.002669,0.002778,2174406880.0,2025-09-02
1756857600000,0.002778,0.002824,0.00272,0.002796,1145174753.0,2025-09-03
1756944000000,0.002796,0.002808,0.002648,0.002681,1113400665.0,2025-09-04
1757030400000,0.00268,0.002792,0.002653,0.002706,1692466945.0,2025-09-05
1757116800000,0.002707,0.002731,0.002657,0.002698,678899066.0,2025-09-06
1757203200000,0.002698,0.002798,0.002697,0.002772,821349017.0,2025-09-07
1757289600000,0.002772,0.002983,0.002742,0.002967,1543868542.0,2025-09-08
1757376000000,0.002968,0.003027,0.002853,0.002911,2433880218.0,2025-09-09
1757462400000,0.002911,0.002997,0.002861,0.002957,1303667474.0,2025-09-10
1757548800000,0.002957,0.003033,0.002897,0.003021,1751635033.0,2025-09-11
1757635200000,0.003022,0.003204,0.002993,0.003191,2824793900.0,2025-09-12
1757721600000,0.003192,0.003539,0.003167,0.003343,7546387829.0,2025-09-13
1757808000000,0.003342,0.00342,0.003138,0.00318,2839018796.0,2025-09-14
1757894400000,0.00318,0.003242,0.002932,0.003016,2397348572.0,2025-09-15
1757980800000,0.003015,0.003116,0.002957,0.003114,1439488365.0,2025-09-16
1758067200000,0.003114,0.003299,0.003025,0.003254,2189488700.0,2025-09-17
1758153600000,0.003254,0.003388,0.003169,0.003283,2301705596.0,2025-09-18
1758240000000,0.003283,0.003294,0.003057,0.003085,1578641787.0,2025-09-19
1758326400000,0.003084,0.003145,0.003055,0.003064,956413707.0,2025-09-20
1758412800000,0.003064,0.003089,0.002967,0.002978,934831981.0,2025-09-21
1758499200000,0.002977,0.002993,0.002502,0.002727,2614018246.0,2025-09-22
1758585600000,0.002726,0.002776,0.002637,0.0027,1211745621.0,2025-09-23
1758672000000,0.0027,0.002771,0.00262,0.002704,1627882221.0,2025-09-24
1758758400000,0.002704,0.002713,0.002451,0.002484,2482759039.0,2025-09-25
1758844800000,0.002485,0.002605,0.00247,0.002587,1364719752.0,2025-09-26
1758931200000,0.002586,0.002607,0.002534,0.002577,753118600.0,2025-09-27
1759017600000,0.002578,0.002664,0.0025,0.002639,829158106.0,2025-09-28
1759104000000,0.002639,0.002668,0.002553,0.0026,1406314141.0,2025-09-29
1759190400000,0.002599,0.002621,0.002515,0.002601,1235288650.0,2025-09-30
1759276800000,0.002601,0.002773,0.002571,0.002769,1248192454.0,2025-10-01
1759363200000,0.002769,0.002887,0.002712,0.002851,2536456440.0,2025-10-02
1759449600000,0.00285,0.002921,0.002782,0.002882,1676273827.0,2025-10-03
1759536000000,0.002883,0.00291,0.002739,0.00279,1420785538.0,2025-10-04
1759622400000,0.00279,0.002904,0.002745,0.002767,1612547218.0,2025-10-05
1759708800000,0.002766,0.00288,0.002741,0.002861,2270443133.0,2025-10-06
1759795200000,0.002862,0.002864,0.00264,0.002644,2293475145.0,2025-10-07
1759881600000,0.002643,0.002769,0.002606,0.002747,2364477153.0,2025-10-08
1759968000000,0.002748,0.002753,0.002547,0.002605,1880804958.0,2025-10-09
1760054400000,0.002605,0.002659,0.000839,0.001939,13255585597.0,2025-10-10
1760140800000,0.001939,0.002044,0.001852,0.001915,5080216403.0,2025-10-11
1760227200000,0.001914,0.002169,0.001859,0.00212,4024857066.0,2025-10-12
1760313600000,0.002121,0.002251,0.002066,0.002235,5993734737.0,2025-10-13
1760400000000,0.002235,0.002253,0.001994,0.002128,6128352923.0,2025-10-14
1760486400000,0.002128,0.002198,0.001974,0.00201,3223363644.0,2025-10-15
1760572800000,0.002011,0.002066,0.001884,0.001915,2794259466.0,2025-10-16
1760659200000,0.001916,0.001956,0.001752,0.001845,2535543908.0,2025-10-17
1760745600000,0.001845,0.001896,0.00184,0.001877,847231150.0,2025-10-18
1760832000000,0.001877,0.001964,0.001841,0.001925,1215399760.0,2025-10-19
1760918400000,0.001925,0.002003,0.001882,0.001942,1504997134.0,2025-10-20
1761004800000,0.001943,0.002013,0.001851,0.001859,2136796710.0,2025-10-21
1761091200000,0.00186,0.001874,0.00172,0.00176,3172874747.0,2025-10-22
1761177600000,0.001759,0.001879,0.001757,0.001853,1516274142.0,2025-10-23
1761264000000,0.001855,0.001903,0.00183,0.001888,1190888700.0,2025-10-24
1761350400000,0.001889,0.00192,0.00188,0.001904,1035411244.0,2025-10-25
1761436800000,0.001904,0.001995,0.00188,0.001987,1031310967.0,2025-10-26
1761523200000,0.001988,0.00203,0.001918,0.001933,1462430622.0,2025-10-27
1761609600000,0.001933,0.001962,0.001828,0.001864,1480014719.0,2025-10-28
1761696000000,0.001864,0.001946,0.001821,0.001858,2010986958.0,2025-10-29
1761782400000,0.001859,0.00209,0.001668,0.001725,11873909176.0,2025-10-30
1761868800000,0.001726,0.001783,0.001715,0.001766,2004256109.0,2025-10-31
1761955200000,0.001766,0.001808,0.001747,0.001801,1256419582.0,2025-11-01
1762041600000,0.0018,0.001801,0.001722,0.001774,1406447907.0,2025-11-02
1762128000000,0.001774,0.001777,0.00147,0.00153,4065983215.0,2025-11-03
1762214400000,0.00153,0.001567,0.001346,0.001433,6710117372.0,2025-11-04
1762300800000,0.001431,0.001497,0.001349,0.001481,2642888570.0,2025-11-05
1762387200000,0.00148,0.001512,0.001399,0.001433,2530906113.0,2025-11-06
1762473600000,0.001433,0.001623,0.001425,0.001594,3345827400.0,2025-11-07
1762560000000,0.001595,0.00164,0.001538,0.001581,2359507935.0,2025-11-08
1762646400000,0.001582,0.001658,0.001512,0.001623,1751612879.0,2025-11-09
1762732800000,0.001623,0.001695,0.001604,0.001671,1835816037.0,2025-11-10
1762819200000,0.001672,0.001704,0.001538,0.001546,1744049471.0,2025-11-11
1762905600000,0.001547,0.001623,0.001486,0.00151,2045436428.0,2025-11-12
1762992000000,0.00151,0.001565,0.001391,0.001435,2587399318.0,2025-11-13
1763078400000,0.001434,0.001445,0.001328,0.001367,3504685423.0,2025-11-14
1763164800000,0.001367,0.001428,0.001362,0.001377,1077666370.0,2025-11-15
1763251200000,0.001378,0.001456,0.001317,0.00136,2812988154.0,2025-11-16
1763337600000,0.001361,0.001412,0.001272,0.001298,2604090759.0,2025-11-17
1763424000000,0.001298,0.001372,0.001268,0.00134,2909197223.0,2025-11-18
1763510400000,0.00134,0.001356,0.001221,0.001283,2100833517.0,2025-11-19
1763596800000,0.001285,0.001348,0.001208,0.001236,2387089650.0,2025-11-20
1763683200000,0.001236,0.001259,0.001081,0.001135,5209863095.0,2025-11-21
1763769600000,0.001135,0.00115,0.001092,0.001116,2208961315.0,2025-11-22
1763856000000,0.001116,0.001163,0.00111,0.001139,3304159942.0,2025-11-23
1763942400000,0.001139,0.001217,0.001109,0.001205,2851693054.0,2025-11-24
1764028800000,0.001204,0.001212,0.001156,0.001198,1912121343.0,2025-11-25
1764115200000,0.001199,0.001241,0.00116,0.001231,1887792307.0,2025-11-26
1764201600000,0.00123,0.001308,0.001198,0.001227,7791088227.0,2025-11-27
1764288000000,0.001227,0.001267,0.001193,0.001211,2003705559.0,2025-11-28
1764374400000,0.001211,0.001225,0.001153,0.001162,1230782609.0,2025-11-29
1764460800000,0.001162,0.00117,0.001103,0.001104,1535790776.0,2025-11-30
1764547200000,0.001104,0.001108,0.000989,0.001043,3101184742.0,2025-12-01
1764633600000,0.001043,0.001213,0.001026,0.001174,3702833886.0,2025-12-02
1764720000000,0.001173,0.001201,0.00115,0.001182,2621210407.0,2025-12-03
1764806400000,0.001182,0.001198,0.001121,0.001138,1914664071.0,2025-12-04
1764892800000,0.001139,0.001162,0.00104,0.001064,3196443510.0,2025-12-05
1764979200000,0.001064,0.001115,0.001046,0.001111,2345108143.0,2025-12-06
1765065600000,0.001111,0.00118,0.001048,0.001076,6983027796.0,2025-12-07
1765152000000,0.001076,0.001157,0.00107,0.001122,3272788448.0,2025-12-08
1765238400000,0.001121,0.001202,0.001081,0.001177,3495574055.0,2025-12-09
1765324800000,0.001176,0.001185,0.001096,0.001101,3191102311.0,2025-12-10
1765411200000,0.001101,0.001103,0.001011,0.001054,3891363058.0,2025-12-11
1765497600000,0.001053,0.001062,0.000976,0.001008,2590519257.0,2025-12-12
1765584000000,0.001009,0.001017,0.000999,0.001011,1438056280.0,2025-12-13
1765670400000,0.00101,0.001024,0.000945,0.000951,2201887715.0,2025-12-14
1765756800000,0.000952,0.000993,0.00088,0.000913,3238296266.0,2025-12-15
1765843200000,0.000913,0.000915,0.000876,0.000903,2378790840.0,2025-12-16
1765929600000,0.000903,0.000924,0.000834,0.000842,3260009922.0,2025-12-17
1766016000000,0.000843,0.000879,0.000782,0.0008,4307710668.0,2025-12-18
1766102400000,0.0008,0.000877,0.000791,0.000869,3545449676.0,2025-12-19
1766188800000,0.000869,0.000872,0.000856,0.000864,1457162803.0,2025-12-20
1766275200000,0.000864,0.000888,0.000833,0.000851,2542062656.0,2025-12-21
1766361600000,0.00085,0.000879,0.000839,0.000857,2400701221.0,2025-12-22
1766448000000,0.000857,0.000876,0.000807,0.000838,2554584356.0,2025-12-23
1766534400000,0.000838,0.000857,0.00081,0.000856,1879658015.0,2025-12-24
1766620800000,0.000857,0.000921,0.000848,0.000863,5896453694.0,2025-12-25
1766707200000,0.000862,0.000907,0.000853,0.000877,2315229798.0,2025-12-26
1766793600000,0.000877,0.000907,0.000873,0.000895,1492440309.0,2025-12-27
1766880000000,0.000895,0.000929,0.00086,0.000877,2585275085.0,2025-12-28
1766966400000,0.000878,0.0009,0.000833,0.000837,3068600465.0,2025-12-29
1767052800000,0.000838,0.000854,0.000819,0.000842,1681090516.0,2025-12-30
1767139200000,0.000841,0.000864,0.000811,0.000822,2238562757.0,2025-12-31
1767225600000,0.000823,0.000921,0.000813,0.000917,2370248616.0,2026-01-01
1767312000000,0.000917,0.000984,0.000895,0.000981,9866028618.0,2026-01-02
1767398400000,0.000981,0.00103,0.000944,0.000991,5903182581.0,2026-01-03
1767484800000,0.00099,0.001164,0.000988,0.001116,14390113243.0,2026-01-04
1767571200000,0.001115,0.00113,0.001065,0.00111,6017066890.0,2026-01-05
1767657600000,0.00111,0.001168,0.001058,0.001102,6155279228.0,2026-01-06
1767744000000,0.001103,0.001114,0.001038,0.001048,3195942403.0,2026-01-07
1767830400000,0.001048,0.001067,0.000987,0.001025,3530782575.0,2026-01-08
1767916800000,0.001024,0.001046,0.001006,0.001014,3630166234.0,2026-01-09
1768003200000,0.001014,0.001019,0.000997,0.001001,1254140355.0,2026-01-10
1768089600000,0.001002,0.001026,0.000987,0.001002,1655021439.0,2026-01-11
1768176000000,0.001002,0.001036,0.000961,0.000972,3829428609.0,2026-01-12
1768262400000,0.000972,0.0011,0.000964,0.001078,4212540009.0,2026-01-13
1768348800000,0.001079,0.0011,0.001053,0.00106,3573364782.0,2026-01-14
1768435200000,0.001059,0.001061,0.00097,0.000983,2279547124.0,2026-01-15
1768521600000,0.000983,0.001009,0.00095,0.001006,1847326026.0,2026-01-16
1768608000000,0.001006,0.001131,0.001002,0.001094,4947353032.0,2026-01-17
1768694400000,0.001094,0.001117,0.001024,0.001025,4676856349.0,2026-01-18
1768780800000,0.001025,0.001025,0.000924,0.000958,4915855801.0,2026-01-19
1768867200000,0.000958,0.000961,0.000862,0.000868,3208894709.0,2026-01-20
1768953600000,0.000868,0.000968,0.000867,0.000935,3497086558.0,2026-01-21
1769040000000,0.000935,0.000959,0.000896,0.000908,1953366480.0,2026-01-22
1769126400000,0.000909,0.00094,0.000889,0.000916,1901149699.0,2026-01-23
1769212800000,0.000916,0.00092,0.000899,0.000917,801482171.0,2026-01-24
1769299200000,0.000917,0.000925,0.00082,0.000841,2522806937.0,2026-01-25
1769385600000,0.000842,0.0009,0.000838,0.00089,2337758824.0,2026-01-26
1769472000000,0.00089,0.000911,0.000866,0.000908,1649803213.0,2026-01-27
1769558400000,0.000909,0.000936,0.000884,0.000926,2660916998.0,2026-01-28
1769644800000,0.000926,0.00093,0.000795,0.000817,3966990476.0,2026-01-29
1769731200000,0.000817,0.000824,0.000771,0.000802,4374159993.0,2026-01-30
1769817600000,0.000802,0.000807,0.000629,0.000717,6856404522.0,2026-01-31
1769904000000,0.000716,0.00075,0.000674,0.00069,4222977654.0,2026-02-01
1769990400000,0.00069,0.000729,0.000668,0.00072,6081476405.0,2026-02-02
1770076800000,0.00072,0.000721,0.000654,0.000686,4881911707.0,2026-02-03
1770163200000,0.000685,0.000703,0.000649,0.000673,4717440685.0,2026-02-04
1770249600000,0.000674,0.000676,0.00055,0.000555,9426428428.0,2026-02-05
1770336000000,0.000555,0.000641,0.000492,0.000634,9676871197.0,2026-02-06
1770422400000,0.000634,0.000634,0.000594,0.00062,3128597973.0,2026-02-07
1770508800000,0.000621,0.000621,0.000591,0.000598,1895038461.0,2026-02-08
1770595200000,0.000598,0.000611,0.000572,0.000603,2395821512.0,2026-02-09
1770681600000,0.000604,0.000606,0.000567,0.000575,1903953067.0,2026-02-10
1770768000000,0.000575,0.000586,0.000551,0.000576,3081690217.0,2026-02-11
1770854400000,0.000576,0.0006468,0.000576,0.0006277,11235503409.0,2026-02-12
1770940800000,0.0006276,0.0006448,0.0005932,0.0006367,4661139097.0,2026-02-13
1771027200000,0.000637,0.0007224,0.0006355,0.0007009,7412623878.0,2026-02-14
1771113600000,0.000701,0.0007117,0.0006378,0.0006515,4542601991.0,2026-02-15
1771200000000,0.0006512,0.0006695,0.0006334,0.0006556,2607881251.0,2026-02-16
1771286400000,0.0006557,0.0006584,0.0006251,0.0006399,1883303073.0,2026-02-17
1771372800000,0.0006393,0.0006489,0.0005957,0.0006041,1807084405.0,2026-02-18
1771459200000,0.0006041,0.000612,0.000582,0.0006016,1611198176.0,2026-02-19
1771545600000,0.0006018,0.0006377,0.0005982,0.0006336,2661251977.0,2026-02-20
1771632000000,0.0006335,0.0006551,0.0006221,0.0006222,1336365591.0,2026-02-21
1771718400000,0.0006217,0.0006221,0.0005865,0.0005908,1205948843.0,2026-02-22
1771804800000,0.0005908,0.0005985,0.0005548,0.0005739,2264677587.0,2026-02-23
1771891200000,0.0005738,0.0005801,0.0005564,0.0005702,1721393621.0,2026-02-24
1771977600000,0.0005704,0.0006523,0.0005651,0.0006256,4198949393.0,2026-02-25
1772064000000,0.0006256,0.0006413,0.0005899,0.0006091,2535045517.0,2026-02-26
1772150400000,0.0006093,0.0006315,0.0005788,0.0005911,1956205063.0,2026-02-27
1772236800000,0.0005911,0.0006166,0.0005465,0.0006119,3918482926.0,2026-02-28
1772323200000,0.0006121,0.0006406,0.0005789,0.0005929,3471570596.0,2026-03-01
1772409600000,0.0005931,0.0006383,0.0005864,0.0006077,3688401023.0,2026-03-02
1772496000000,0.0006078,0.0006141,0.0005829,0.0006031,2301196980.0,2026-03-03
1772582400000,0.0006033,0.000658,0.0005954,0.0006371,3767761221.0,2026-03-04
1772668800000,0.0006373,0.000653,0.0006103,0.0006283,2538017822.0,2026-03-05
1772755200000,0.0006284,0.0006478,0.0005789,0.0005887,2977166662.0,2026-03-06
1772841600000,0.0005886,0.000591,0.0005627,0.0005662,1635595895.0,2026-03-07
1772928000000,0.0005661,0.0005811,0.0005515,0.000559,1980207376.0,2026-03-08
1773014400000,0.000559,0.0005971,0.0005576,0.0005782,2889090431.0,2026-03-09
1773100800000,0.0005782,0.0006277,0.0005774,0.0005952,3167813964.0,2026-03-10
1773187200000,0.0005952,0.0006152,0.0005815,0.0006093,3401575910.0,2026-03-11
1773273600000,0.0006091,0.000625,0.0005905,0.0006165,3484005501.0,2026-03-12
1773360000000,0.0006167,0.00071,0.0006156,0.0006473,13161239680.0,2026-03-13
1773446400000,0.0006472,0.0006833,0.0006323,0.0006374,5563763144.0,2026-03-14
1773532800000,0.0006374,0.0006551,0.0006213,0.0006487,2318574821.0,2026-03-15
1773619200000,0.0006487,0.0007016,0.0006438,0.0006868,4292750531.0,2026-03-16
1773705600000,0.0006866,0.0006929,0.0006487,0.0006612,2679752041.0,2026-03-17
1773792000000,0.0006612,0.0006876,0.0006184,0.0006344,3652557887.0,2026-03-18
1773878400000,0.0006345,0.0006356,0.0005943,0.0006113,2130087794.0,2026-03-19
1773964800000,0.0006113,0.0006379,0.0006076,0.000625,2375025485.0,2026-03-20
1774051200000,0.0006248,0.0006334,0.000592,0.0005972,1570207038.0,2026-03-21
1774137600000,0.0005969,0.000603,0.0005675,0.0005786,2373846688.0,2026-03-22
1774224000000,0.0005787,0.0006407,0.0005737,0.0006312,4218708251.0,2026-03-23
1774310400000,0.0006315,0.0006423,0.0006064,0.0006241,2202575913.0,2026-03-24
1774396800000,0.0006241,0.0006691,0.000616,0.0006306,4190132549.0,2026-03-25
1774483200000,0.0006306,0.0006312,0.000583,0.0005928,1582651039.0,2026-03-26
1774569600000,0.0005928,0.0005963,0.0005605,0.0005629,1397548736.0,2026-03-27
1774656000000,0.000563,0.0005712,0.0005488,0.0005512,1216997156.0,2026-03-28
1774742400000,0.0005514,0.0005584,0.000528,0.0005397,1402518126.0,2026-03-29
1774828800000,0.00054,0.0005789,0.0005389,0.0005486,2931613554.0,2026-03-30
1774915200000,0.0005486,0.0005661,0.0005313,0.0005655,2072013460.0,2026-03-31
1775001600000,0.0005655,0.0005913,0.0005609,0.0005687,2532002592.0,2026-04-01
1775088000000,0.0005687,0.0005744,0.0005387,0.0005487,1520003023.0,2026-04-02
1775174400000,0.0005487,0.0005613,0.0005419,0.0005497,1423063171.0,2026-04-03
1775260800000,0.0005497,0.0005605,0.0005426,0.0005519,1278373435.0,2026-04-04
1775347200000,0.000552,0.0005578,0.0005305,0.0005575,1328274111.0,2026-04-05
1775433600000,0.0005574,0.0005866,0.000556,0.0005606,3389456525.0,2026-04-06
1775520000000,0.0005606,0.000606,0.0005425,0.0005988,3441091825.0,2026-04-07
1775606400000,0.0005992,0.0006017,0.0005707,0.0005727,1870306504.0,2026-04-08
1775692800000,0.0005725,0.0006081,0.000564,0.0005895,1900828842.0,2026-04-09
1775779200000,0.0005896,0.0006061,0.000578,0.0005947,1746504136.0,2026-04-10
1775865600000,0.0005949,0.0006102,0.000581,0.0005977,1589282944.0,2026-04-11
1775952000000,0.0005979,0.0005988,0.0005581,0.0005599,1729777823.0,2026-04-12
1776038400000,0.00056,0.0005974,0.0005498,0.000597,2515517344.0,2026-04-13
1776124800000,0.0005971,0.0005977,0.0005554,0.0005617,1818099861.0,2026-04-14
1776211200000,0.0005618,0.0005876,0.0005551,0.0005783,2581017973.0,2026-04-15
1776297600000,0.0005784,0.0006465,0.0005758,0.0006244,6725624426.0,2026-04-16
1776384000000,0.0006244,0.0006709,0.0006031,0.000629,10469372723.0,2026-04-17
1776470400000,0.0006292,0.0006335,0.0005882,0.0005887,2972076918.0,2026-04-18
1776556800000,0.0005888,0.0006001,0.0005555,0.0005593,3411289705.0,2026-04-19
1776643200000,0.0005594,0.0005934,0.0005576,0.0005839,2735373273.0,2026-04-20
1776729600000,0.0005841,0.0005966,0.000572,0.0005876,2768739440.0,2026-04-21
1776816000000,0.0005877,0.0006344,0.000585,0.0006048,5507648954.0,2026-04-22
1776902400000,0.000605,0.0006124,0.0005907,0.0006062,2708874624.0,2026-04-23
1776988800000,0.0006062,0.0006189,0.0005978,0.0006099,1716546743.0,2026-04-24
1777075200000,0.0006096,0.0006227,0.0005985,0.0006078,1824548098.0,2026-04-25
1777161600000,0.0006078,0.0006293,0.000601,0.0006183,1702237125.0,2026-04-26
1777248000000,0.0006183,0.0006484,0.0005834,0.0006012,3404757429.0,2026-04-27
1777334400000,0.0006012,0.0006018,0.0005848,0.0005954,1601842778.0,2026-04-28
1777420800000,0.0005953,0.0006244,0.0005642,0.00058,3425181367.0,2026-04-29
1777507200000,0.0005798,0.0005951,0.0005696,0.0005784,1899229380.0,2026-04-30
1777593600000,0.0005783,0.0005987,0.0005782,0.000587,1653790718.0,2026-05-01
1777680000000,0.0005869,0.0006036,0.0005799,0.0005957,1240877395.0,2026-05-02
1777766400000,0.0005957,0.0005998,0.0005844,0.0005889,1240085493.0,2026-05-03
1777852800000,0.0005885,0.0006162,0.0005832,0.0006029,2548469455.0,2026-05-04
1777939200000,0.0006031,0.0006321,0.0006006,0.0006213,2294733832.0,2026-05-05
1778025600000,0.0006212,0.000655,0.0006183,0.0006379,3610940751.0,2026-05-06
1778112000000,0.0006379,0.0006496,0.0006148,0.0006224,2693978428.0,2026-05-07
1778198400000,0.0006226,0.0006751,0.0006098,0.0006666,3852695668.0,2026-05-08
1778284800000,0.0006668,0.0006889,0.0006552,0.0006747,3418330053.0,2026-05-09
1778371200000,0.000675,0.0007277,0.0006624,0.000706,6636086494.0,2026-05-10
1778457600000,0.000706,0.0007086,0.0006676,0.000696,3298623232.0,2026-05-11
1778544000000,0.0006958,0.0006958,0.0006389,0.0006477,3448422302.0,2026-05-12
1778630400000,0.0006475,0.000686,0.0006117,0.0006191,3914285561.0,2026-05-13
1778716800000,0.0006191,0.0006442,0.0006035,0.0006247,2344850336.0,2026-05-14
1778803200000,0.0006249,0.0006332,0.0005719,0.0005805,3242246353.0,2026-05-15
1778889600000,0.0005805,0.0005846,0.0005544,0.000562,2098171073.0,2026-05-16
1778976000000,0.0005618,0.0005736,0.0005279,0.0005446,2156362547.0,2026-05-17
1779062400000,0.0005445,0.0005609,0.0005345,0.0005578,2335307305.0,2026-05-18
1779148800000,0.0005577,0.0005614,0.0005448,0.0005462,1637923288.0,2026-05-19
1779235200000,0.0005459,0.0005646,0.0005422,0.0005585,1714573812.0,2026-05-20
1779321600000,0.0005587,0.000573,0.0005475,0.0005697,2052138917.0,2026-05-21
1779408000000,0.0005696,0.0005769,0.0005312,0.0005341,2883815261.0,2026-05-22
1779494400000,0.0005342,0.0005661,0.00051,0.0005536,3626294703.0,2026-05-23
1779580800000,0.0005536,0.0005567,0.000523,0.0005334,1766573401.0,2026-05-24
1779667200000,0.0005335,0.00055,0.0005318,0.0005373,1187868207.0,2026-05-25
1779753600000,0.0005374,0.00055,0.0005239,0.0005277,1727272724.0,2026-05-26
1779840000000,0.0005278,0.000537,0.0005106,0.0005148,1906051792.0,2026-05-27
1779926400000,0.0005148,0.0005168,0.0004752,0.0004967,3374591374.0,2026-05-28
1780012800000,0.0004967,0.0005042,0.0004793,0.0004943,2071315771.0,2026-05-29
1780099200000,0.0004944,0.0005105,0.0004933,0.0004988,1264101886.0,2026-05-30
1780185600000,0.0004989,0.0005054,0.0004873,0.0005017,1445072610.0,2026-05-31
1780272000000,0.0005018,0.0005132,0.0004801,0.0005061,3437783756.0,2026-06-01
1780358400000,0.0005059,0.0005071,0.0004312,0.0004407,5459966813.0,2026-06-02
1780444800000,0.0004406,0.0004648,0.0004322,0.0004393,5212367132.0,2026-06-03
1780531200000,0.0004392,0.0004421,0.0003954,0.0004078,5779634108.0,2026-06-04
1780617600000,0.0004078,0.0004101,0.0003474,0.0003635,6439331724.0,2026-06-05
1780704000000,0.0003637,0.0003695,0.0003374,0.0003576,3422709238.0,2026-06-06
1780790400000,0.0003576,0.0003681,0.0003569,0.0003656,812132125.0,2026-06-07
1780876800000,0.0003656,0.0003734,0.0003547,0.000363,2528148770.0,2026-06-08
1780963200000,0.000363,0.0003635,0.000338,0.0003481,3074520121.0,2026-06-09
1781049600000,0.0003482,0.0003531,0.000333,0.0003397,3365000163.0,2026-06-10
1781136000000,0.0003396,0.0003666,0.0003396,0.0003575,2693199274.0,2026-06-11
1781222400000,0.0003578,0.0003757,0.0003541,0.0003629,3798271229.0,2026-06-12
1781308800000,0.0003631,0.0003743,0.0003615,0.0003714,2021136770.0,2026-06-13
1781395200000,0.000371,0.000392,0.0003575,0.000391,2218241360.0,2026-06-14
1781481600000,0.0003909,0.0004264,0.0003807,0.0003866,14742696577.0,2026-06-15
1781568000000,0.0003865,0.0003926,0.0003719,0.0003798,3108925892.0,2026-06-16
1781654400000,0.0003801,0.0003906,0.0003704,0.0003787,3080880288.0,2026-06-17
1781740800000,0.0003788,0.0003837,0.0003523,0.0003672,2757498301.0,2026-06-18
1781827200000,0.0003672,0.0003703,0.0003539,0.0003655,1680875391.0,2026-06-19
1781913600000,0.0003655,0.0003789,0.0003612,0.000375,2305240395.0,2026-06-20
1782000000000,0.0003749,0.0003843,0.0003651,0.0003666,2391371431.0,2026-06-21
1782086400000,0.0003667,0.0003848,0.00036,0.0003658,2658248097.0,2026-06-22
1782172800000,0.0003655,0.000368,0.0003439,0.0003503,2039284751.0,2026-06-23
1782259200000,0.0003502,0.0003545,0.000324,0.0003423,2514247867.0,2026-06-24
1782345600000,0.0003425,0.0003502,0.0003169,0.0003341,2961943383.0,2026-06-25
1782432000000,0.0003342,0.0003717,0.0003246,0.000365,5860663759.0,2026-06-26
1782518400000,0.0003651,0.0003748,0.0003527,0.0003563,4348870462.0,2026-06-27
1782604800000,0.0003562,0.0003785,0.0003516,0.0003614,3210575181.0,2026-06-28
1782691200000,0.0003614,0.0003864,0.000356,0.0003722,2845482298.0,2026-06-29
1782777600000,0.0003718,0.000372,0.0003482,0.0003613,2181204792.0,2026-06-30
1782864000000,0.0003615,0.00038,0.0003502,0.0003664,2749430291.0,2026-07-01
1782950400000,0.0003665,0.000389,0.0003638,0.0003798,2629200979.0,2026-07-02
1783036800000,0.0003797,0.0004001,0.000378,0.0003976,2184919682.0,2026-07-03
1783123200000,0.0003975,0.0003998,0.0003848,0.0003914,2122316066.0,2026-07-04
1783209600000,0.0003914,0.0003954,0.0003786,0.0003902,1911294865.0,2026-07-05
1783296000000,0.0003904,0.0004013,0.000373,0.0003908,2433469616.0,2026-07-06
1783382400000,0.0003913,0.000393,0.0003716,0.0003737,1712636638.0,2026-07-07
1783468800000,0.0003738,0.0003748,0.0003559,0.0003584,1884339158.0,2026-07-08
1783555200000,0.0003585,0.0003679,0.0003544,0.000359,1403485463.0,2026-07-09
1783641600000,0.0003589,0.0003686,0.0003576,0.0003658,1413784716.0,2026-07-10
1783728000000,0.0003658,0.0003665,0.0003646,0.0003651,22654533.0,2026-07-11
1784073600000,0.0003659,0.0003693,0.0003569,0.0003597,1789892711.0,2026-07-15
1784246400000,0.0003475,0.0003538,0.0003426,0.0003518,1438608908.0,2026-07-17
1784419200000,0.0003616,0.0003633,0.0003544,0.0003588,2805665861.0,2026-07-19
1784505600000,0.0003587,0.0003629,0.0003464,0.0003602,2660251441.0,2026-07-20
1784592000000,0.0003601,0.0003662,0.0003582,0.0003632,1423700452.0,2026-07-21
1784678400000,0.0003631,0.0003749,0.0003598,0.0003675,2734151485.0,2026-07-22
1784764800000,0.0003674,0.000369,0.0003539,0.0003571,1349427571.0,2026-07-23
1784851200000,0.000357,0.000362,0.0003392,0.0003407,2835606754.0,2026-07-24
1784937600000,0.0003407,0.0003678,0.0003381,0.0003546,3684319814.0,2026-07-25
1785024000000,0.0003546,0.0003736,0.0003513,0.0003569,4597881595.0,2026-07-26
1785110400000,0.0003568,0.0003639,0.0003383,0.0003418,3979960689.0,2026-07-27
1785196800000,0.000342,0.000344,0.0003304,0.0003354,2930362539.0,2026-07-28
1785283200000,0.0003354,0.0003375,0.0003131,0.0003223,2083851002.0,2026-07-29
1785369600000,0.0003223,0.0003346,0.0003202,0.0003316,1396770790.0,2026-07-30
1785456000000,0.0003315,0.0003367,0.000324,0.0003288,1604452630.0,2026-07-31
1785542400000,0.0003287,0.0003444,0.000327,0.0003329,3009519342.0,2026-08-01
1785628800000,0.000333,0.0003477,0.00033,0.0003393,3174912552.0,2026-08-02
1785715200000,0.0003393,0.0003398,0.0003274,0.0003348,1515243375.0,2026-08-03
1785801600000,0.000335,0.0003383,0.0003295,0.0003341,1313043109.0,2026-08-04
1785888000000,0.000334,0.0003374,0.0003291,0.0003343,1137670689.0,2026-08-05
1785974400000,0.0003344,0.000336,0.0003234,0.0003261,2151039444.0,2026-08-06
1786060800000,0.0003261,0.0003282,0.0003213,0.0003255,1603736411.0,2026-08-07
1786147200000,0.0003255,0.0003499,0.0003253,0.0003391,3347029418.0,2026-08-08
1786233600000,0.0003391,0.0003515,0.0003387,0.0003398,2073412475.0,2026-08-09
1786320000000,0.0003398,0.0003498,0.0003346,0.0003364,1986732055.0,2026-08-10
1786406400000,0.0003363,0.0003375,0.0003216,0.0003326,1695082938.0,2026-08-11
1786492800000,0.0003324,0.0003357,0.0003189,0.0003225,1737659769.0,2026-08-12
1786579200000,0.0003225,0.0003356,0.0003216,0.000325,2302732504.0,2026-08-13
1786665600000,0.0003251,0.0003268,0.0003163,0.000323,1068298306.0,2026-08-14
1786752000000,0.000323,0.0003273,0.0003208,0.0003217,1016131718.0,2026-08-15
1786838400000,0.0003219,0.0003242,0.0003109,0.0003162,955145604.0,2026-08-16
1786924800000,0.0003161,0.0003253,0.0003158,0.0003184,1075146593.0,2026-08-17
1787011200000,0.0003185,0.0003223,0.0003123,0.0003168,3829446771.0,2026-08-18
1787097600000,0.0003169,0.0003535,0.0003146,0.0003457,2775475332.0,2026-08-19
1787184000000,0.0003457,0.0003851,0.0003419,0.0003833,4603930253.0,2026-08-20
1787270400000,0.0003831,0.0004466,0.000377,0.0004398,8380953014.0,2026-08-21
1787356800000,0.0004398,0.0004735,0.0003786,0.0004164,9513930501.0,2026-08-22
1787443200000,0.0004165,0.00044,0.0003975,0.0004398,4680003607.0,2026-08-23
1787529600000,0.0004394,0.0004398,0.0004159,0.0004301,3548585208.0,2026-08-24
1787616000000,0.0004302,0.000502,0.0004079,0.000412,21753900613.0,2026-08-25
1787702400000,0.000412,0.0004274,0.0003974,0.0004263,3710220413.0,2026-08-26
1787788800000,0.000426,0.0004402,0.0004142,0.0004295,3724260594.0,2026-08-27
