timestamp,open,high,low,close,volume
1757592000000,0.04996,0.05053,0.04924,0.04998,14740413.0
1757613600000,0.04999,0.05094,0.04978,0.0508,7406734.0
1757635200000,0.05081,0.05125,0.05015,0.05072,5321600.0
1757656800000,0.05072,0.05076,0.04958,0.04959,6631420.0
1757678400000,0.04958,0.0511,0.04925,0.05091,9241052.0
1757700000000,0.05091,0.0517,0.05089,0.05136,6225932.0
1757721600000,0.05136,0.05279,0.0513,0.05216,12521626.0
1757743200000,0.05215,0.05284,0.05187,0.05276,4624747.0
1757764800000,0.05276,0.05303,0.05087,0.05175,12848869.0
1757786400000,0.05174,0.05228,0.05147,0.05204,3405725.0
1757808000000,0.05204,0.0522,0.05038,0.05142,5928189.0
1757829600000,0.05143,0.05152,0.0495,0.04968,15257012.0
1757851200000,0.04967,0.04996,0.04863,0.04975,12114739.0
1757872800000,0.04976,0.05146,0.04951,0.05073,14721632.0
1757894400000,0.05074,0.05131,0.04998,0.05121,10117236.0
1757916000000,0.05119,0.05119,0.04756,0.04856,22446728.0
1757937600000,0.04855,0.04932,0.04736,0.04806,17576849.0
1757959200000,0.04807,0.04864,0.04766,0.04862,5700045.0
1757980800000,0.04861,0.04874,0.04731,0.04834,12839718.0
1758002400000,0.04835,0.04886,0.04787,0.04832,11056882.0
1758024000000,0.04831,0.0521,0.0477,0.05179,40816837.0
1758045600000,0.0518,0.0575,0.05156,0.05359,159208386.0
1758067200000,0.05357,0.05379,0.05157,0.05277,46580246.0
1758088800000,0.05277,0.05277,0.05128,0.05201,22701493.0
1758110400000,0.052,0.05255,0.0506,0.05092,19948581.0
1758132000000,0.05096,0.05323,0.05081,0.05252,21949913.0
1758153600000,0.05253,0.05877,0.05246,0.0582,61717302.0
1758175200000,0.05821,0.06185,0.05738,0.0604,113062206.0
1758196800000,0.06039,0.06114,0.05867,0.0589,42833687.0
1758218400000,0.05889,0.05953,0.05854,0.05877,12761102.0
1758240000000,0.05876,0.05906,0.05711,0.05824,22177045.0
1758261600000,0.05823,0.05823,0.05557,0.05634,18850945.0
1758283200000,0.05633,0.058,0.05535,0.05569,27974977.0
1758304800000,0.0557,0.05606,0.05401,0.05439,8707571.0
1758326400000,0.05439,0.05667,0.05398,0.05653,13694612.0
1758348000000,0.05653,0.05737,0.05548,0.05611,13658903.0
1758369600000,0.05611,0.05661,0.0556,0.05603,8524460.0
1758391200000,0.05602,0.05612,0.05537,0.05542,3782315.0
1758412800000,0.05542,0.05593,0.05497,0.05583,6512061.0
1758434400000,0.05583,0.05751,0.05546,0.05642,18019957.0
1758456000000,0.05642,0.06036,0.0564,0.05969,44921352.0
1758477600000,0.0597,0.06261,0.05841,0.06228,32983839.0
1758499200000,0.06227,0.06277,0.05805,0.06097,67594946.0
1758520800000,0.06098,0.06111,0.05537,0.05564,62304477.0
1758542400000,0.05565,0.05714,0.05367,0.05419,30608039.0
1758564000000,0.05419,0.05494,0.05261,0.05383,12810886.0
1758585600000,0.05382,0.05626,0.05206,0.05343,27602345.0
1758607200000,0.05342,0.0556,0.05337,0.05385,20973719.0
1758628800000,0.05384,0.05624,0.05271,0.05466,27450953.0
1758650400000,0.05465,0.0567,0.05334,0.05609,21347471.0
1758672000000,0.05608,0.06165,0.05586,0.05847,69105745.0
1758693600000,0.05847,0.06018,0.05729,0.05754,33825616.0
1758715200000,0.05756,0.05878,0.0573,0.05776,21046901.0
1758736800000,0.05776,0.05794,0.05536,0.05612,11710154.0
1758758400000,0.05612,0.05612,0.05261,0.05316,17428388.0
1758780000000,0.05316,0.0532,0.05141,0.05165,21429890.0
1758801600000,0.05164,0.05238,0.04807,0.04847,25202269.0
1758823200000,0.04847,0.04911,0.04726,0.04783,19429718.0
1758844800000,0.04784,0.04995,0.04784,0.04884,13690319.0
1758866400000,0.04883,0.04932,0.04698,0.04739,15211615.0
1758888000000,0.04738,0.05084,0.04678,0.05053,18472441.0
1758909600000,0.05054,0.05109,0.04951,0.0497,7086339.0
1758931200000,0.04971,0.04973,0.04859,0.04908,6061383.0
1758952800000,0.04907,0.0495,0.04837,0.04904,5094849.0
1758974400000,0.04904,0.04972,0.0484,0.04863,8504651.0
1758996000000,0.04862,0.04872,0.04754,0.0477,13532268.0
1759017600000,0.0477,0.04782,0.04631,0.04645,6589664.0
1759039200000,0.04644,0.04661,0.04598,0.04636,7158946.0
1759060800000,0.04636,0.04783,0.04607,0.0474,9930409.0
1759082400000,0.0474,0.0482,0.047,0.04777,5842047.0
1759104000000,0.04776,0.04812,0.04712,0.04747,6178386.0
1759125600000,0.04746,0.04792,0.04639,0.04645,9731819.0
1759147200000,0.04644,0.04685,0.0448,0.04529,19503938.0
1759168800000,0.04528,0.04602,0.0448,0.04533,9613314.0
1759190400000,0.04533,0.04912,0.04478,0.04909,28036394.0
1759212000000,0.04907,0.04948,0.04649,0.04729,29658961.0
1759233600000,0.04728,0.04735,0.04573,0.04632,16584134.0
1759255200000,0.04633,0.04939,0.04593,0.04868,16597734.0
1759276800000,0.04869,0.04902,0.04753,0.04761,17220808.0
1759298400000,0.04761,0.05105,0.04749,0.05024,19833104.0
1759320000000,0.05024,0.05028,0.04925,0.04973,11070490.0
1759341600000,0.04974,0.0499,0.04895,0.04931,6404267.0
1759363200000,0.04932,0.05087,0.04915,0.05041,6947007.0
1759384800000,0.05042,0.05086,0.04949,0.04954,7397561.0
1759406400000,0.04956,0.05048,0.04881,0.05026,12805036.0
1759428000000,0.05026,0.05129,0.05014,0.05093,9046231.0
1759449600000,0.05094,0.05095,0.04942,0.04969,11598954.0
1759471200000,0.0497,0.04979,0.04847,0.04865,8956158.0
1759492800000,0.04866,0.05247,0.04849,0.05237,36279923.0
1759514400000,0.05236,0.05869,0.05115,0.05777,121241141.0
1759536000000,0.05778,0.05808,0.05438,0.05559,28049081.0
1759557600000,0.0556,0.05569,0.05353,0.05476,29426511.0
1759579200000,0.05474,0.05599,0.05311,0.05382,30436166.0
1759600800000,0.05383,0.0557,0.05324,0.05518,14138874.0
1759622400000,0.05521,0.05537,0.05305,0.05484,28750273.0
1759644000000,0.05487,0.05528,0.0534,0.05387,13248323.0
1759665600000,0.05387,0.05422,0.05239,0.05248,20598526.0
1759687200000,0.05247,0.05267,0.05086,0.0516,14298001.0
1759708800000,0.05161,0.05371,0.05128,0.05246,12977592.0
1759730400000,0.05246,0.05474,0.05241,0.05329,24988318.0
1759752000000,0.05328,0.05547,0.05328,0.05353,23012264.0
1759773600000,0.05354,0.05377,0.05233,0.05286,15283287.0
1759795200000,0.05286,0.05353,0.05202,0.0521,7323361.0
1759816800000,0.05209,0.05288,0.05094,0.05271,19505267.0
1759838400000,0.0527,0.05273,0.04942,0.05025,21616569.0
1759860000000,0.05024,0.0511,0.04978,0.05,8647481.0
1759881600000,0.05,0.05051,0.04869,0.04899,12549228.0
1759903200000,0.04901,0.0503,0.04862,0.04956,8920316.0
1759924800000,0.04956,0.05074,0.04927,0.05,13609830.0
1759946400000,0.05,0.05003,0.04873,0.04878,10995907.0
1759968000000,0.04878,0.0489,0.04689,0.04719,13966180.0
1759989600000,0.04722,0.0475,0.04607,0.04648,17117789.0
1760011200000,0.04648,0.04687,0.04534,0.04674,17810033.0
1760032800000,0.04673,0.04726,0.04627,0.04688,5754037.0
1760054400000,0.04688,0.04791,0.04669,0.0472,6748165.0
1760076000000,0.0472,0.04797,0.04627,0.04791,14532868.0
1760097600000,0.04792,0.04817,0.04351,0.04382,39379208.0
1760119200000,0.04383,0.04407,0.00784,0.03375,140989613.0
1760140800000,0.03373,0.0353,0.03204,0.0324,43263541.0
1760162400000,0.03239,0.0344,0.0322,0.03374,20811471.0
1760184000000,0.03371,0.03421,0.0328,0.03378,16378260.0
1760205600000,0.03378,0.03381,0.03076,0.03156,16789761.0
1760227200000,0.03155,0.03245,0.03078,0.03223,18016628.0
1760248800000,0.03223,0.03275,0.03166,0.03226,11181879.0
1760270400000,0.03226,0.0355,0.03147,0.03528,42122197.0
1760292000000,0.03529,0.03679,0.03523,0.03576,16872824.0
1760313600000,0.03576,0.0361,0.03519,0.03581,13772324.0
1760335200000,0.03583,0.03722,0.03523,0.03602,27565673.0
1760356800000,0.036,0.03765,0.03572,0.03761,37788631.0
1760378400000,0.03761,0.03888,0.03714,0.03836,19890946.0
1760400000000,0.03837,0.03851,0.03612,0.03636,15716289.0
1760421600000,0.03637,0.03691,0.03403,0.03487,36021930.0
1760443200000,0.03486,0.03642,0.03383,0.03594,30045795.0
1760464800000,0.03595,0.0364,0.03522,0.03615,11297274.0
1760486400000,0.03614,0.03639,0.03548,0.03593,8564266.0
1760508000000,0.03594,0.03715,0.03553,0.03597,11410684.0
1760529600000,0.03597,0.03635,0.03455,0.03494,17948263.0
1760551200000,0.03495,0.03523,0.03411,0.03456,9637177.0
1760572800000,0.03456,0.03518,0.03426,0.03493,7177010.0
1760594400000,0.03494,0.03687,0.03438,0.03553,29099471.0
1760616000000,0.03554,0.0359,0.03329,0.03381,24126914.0
1760637600000,0.03383,0.03384,0.03236,0.03291,16249379.0
1760659200000,0.0329,0.03347,0.03277,0.03282,11332599.0
1760680800000,0.03283,0.03294,0.03001,0.03186,52804135.0
1760702400000,0.03184,0.03267,0.03095,0.03196,25847170.0
1760724000000,0.03196,0.03244,0.03164,0.03187,8570213.0
1760745600000,0.03187,0.033,0.03181,0.03286,9463629.0
1760767200000,0.03287,0.03333,0.0325,0.03282,7377728.0
1760788800000,0.03281,0.03296,0.0321,0.03275,7365194.0
1760810400000,0.03275,0.03283,0.03237,0.03249,3673942.0
1760832000000,0.0325,0.0326,0.0321,0.03219,3260692.0
1760853600000,0.03219,0.03344,0.03177,0.03292,16297124.0
1760875200000,0.03292,0.03388,0.03268,0.03337,10076137.0
1760896800000,0.0334,0.03356,0.03297,0.03303,2955210.0
1760918400000,0.03304,0.03427,0.03235,0.034,10111472.0
1760940000000,0.03399,0.03447,0.03381,0.03382,8961131.0
1760961600000,0.03382,0.03418,0.03272,0.03297,11092577.0
1760983200000,0.03298,0.03375,0.03285,0.03325,6415153.0
1761004800000,0.03324,0.03354,0.03181,0.03206,11373708.0
1761026400000,0.03206,0.03252,0.03164,0.03247,10844594.0
1761048000000,0.03244,0.03516,0.03231,0.03419,17427367.0
1761069600000,0.03419,0.03432,0.03179,0.0319,8763153.0
1761091200000,0.0319,0.03217,0.03141,0.0317,7301472.0
1761112800000,0.03169,0.03216,0.03126,0.03177,7930548.0
1761134400000,0.03177,0.03237,0.031,0.03114,12532949.0
1761156000000,0.03114,0.03152,0.02982,0.03073,11684294.0
1761177600000,0.03074,0.03118,0.03071,0.03107,3588575.0
1761199200000,0.03108,0.03167,0.03107,0.03116,3749222.0
1761220800000,0.03115,0.03223,0.03088,0.03215,10326203.0
1761242400000,0.03216,0.03222,0.03137,0.03165,4211775.0
1761264000000,0.03166,0.0326,0.03164,0.0325,4954300.0
1761285600000,0.03249,0.03253,0.03149,0.03177,8820060.0
1761307200000,0.03178,0.03242,0.03134,0.03166,13578583.0
1761328800000,0.03165,0.0326,0.03163,0.03244,5416267.0
1761350400000,0.03243,0.03243,0.03164,0.0317,6833566.0
1761372000000,0.0317,0.03208,0.03162,0.03205,3834031.0
1761393600000,0.03204,0.03234,0.03189,0.03199,2604658.0
1761415200000,0.03199,0.0324,0.03196,0.03208,2225862.0
1761436800000,0.03209,0.03215,0.03124,0.03157,6276338.0
1761458400000,0.03156,0.03269,0.03144,0.03263,8091937.0
1761480000000,0.03263,0.03324,0.03247,0.03272,5090769.0
1761501600000,0.03272,0.03318,0.03225,0.03301,4304871.0
1761523200000,0.03303,0.03344,0.03292,0.03305,4975051.0
1761544800000,0.03307,0.03317,0.03198,0.03234,8365803.0
1761566400000,0.03234,0.03254,0.03163,0.03242,8070872.0
1761588000000,0.0324,0.03259,0.03108,0.03124,6545384.0
1761609600000,0.03124,0.03216,0.03106,0.03143,8559367.0
1761631200000,0.03144,0.03237,0.03134,0.0319,6032935.0
1761652800000,0.03188,0.03315,0.03173,0.03213,11260455.0
1761674400000,0.03212,0.03226,0.03016,0.03074,11448324.0
1761696000000,0.03072,0.03162,0.03067,0.03114,8738858.0
1761717600000,0.03114,0.03158,0.03083,0.03152,4830691.0
1761739200000,0.0315,0.03164,0.03036,0.03136,6425251.0
1761760800000,0.0314,0.0315,0.02984,0.03052,16997964.0
1761782400000,0.0305,0.03103,0.02942,0.03022,7382293.0
1761804000000,0.0302,0.03046,0.02918,0.02925,5711214.0
1761825600000,0.02926,0.02938,0.02668,0.02712,17473633.0
1761847200000,0.02713,0.02757,0.02664,0.02756,12464553.0
1761868800000,0.02756,0.02827,0.02745,0.02783,7983173.0
1761890400000,0.02782,0.02796,0.02758,0.02791,6123001.0
1761912000000,0.02788,0.02807,0.02604,0.02649,18581236.0
1761933600000,0.02649,0.02717,0.02632,0.02656,9473024.0
1761955200000,0.02658,0.02744,0.02655,0.02727,7261225.0
1761976800000,0.02728,0.02806,0.0272,0.028,7471834.0
1761998400000,0.02801,0.02807,0.02724,0.02771,9560648.0
1762020000000,0.0277,0.02788,0.02725,0.02757,3286941.0
1762041600000,0.02756,0.02824,0.02732,0.02821,4973641.0
1762063200000,0.02821,0.0286,0.02734,0.02776,9405596.0
1762084800000,0.02777,0.0278,0.02634,0.02664,9409401.0
1762106400000,0.02662,0.02728,0.02632,0.02721,5861876.0
1762128000000,0.0272,0.02726,0.02468,0.02479,14322487.0
1762149600000,0.02479,0.02513,0.02424,0.02473,15142021.0
1762171200000,0.02473,0.0255,0.02259,0.02424,34768051.0
1762192800000,0.02425,0.02425,0.0232,0.02402,11907018.0
1762214400000,0.02402,0.02454,0.02267,0.02273,15454002.0
1762236000000,0.02271,0.02385,0.0227,0.02327,16584494.0
1762257600000,0.02327,0.02379,0.02199,0.02258,19350660.0
1762279200000,0.02258,0.02318,0.02104,0.02298,34680331.0
1762300800000,0.02298,0.02313,0.02139,0.02295,17901652.0
1762322400000,0.02295,0.02317,0.02226,0.02282,11087772.0
1762344000000,0.02282,0.0234,0.02259,0.02327,14935406.0
1762365600000,0.02326,0.02397,0.02322,0.02382,11238539.0
1762387200000,0.02382,0.02435,0.02331,0.02365,14522435.0
1762408800000,0.02365,0.02421,0.02327,0.02348,14216409.0
1762430400000,0.02348,0.02397,0.02256,0.02347,20214037.0
1762452000000,0.02347,0.02409,0.02313,0.02371,18178159.0
1762473600000,0.02372,0.02466,0.02356,0.02448,17400068.0
1762495200000,0.02447,0.02486,0.02351,0.02382,14251690.0
1762516800000,0.02381,0.0277,0.02334,0.0268,71751071.0
1762538400000,0.02681,0.0278,0.02678,0.02707,16739678.0
1762560000000,0.02708,0.02788,0.02633,0.02651,31669291.0
1762581600000,0.02652,0.02755,0.02607,0.02739,18334945.0
1762603200000,0.02739,0.02754,0.02608,0.02645,16179876.0
1762624800000,0.02645,0.02697,0.02619,0.02669,7872719.0
1762646400000,0.0267,0.02686,0.02511,0.02564,10694790.0
1762668000000,0.02564,0.02634,0.02545,0.02615,8919171.0
1762689600000,0.02615,0.02701,0.02607,0.02672,10604810.0
1762711200000,0.02671,0.02733,0.02652,0.02695,8667304.0
1762732800000,0.02695,0.02811,0.0268,0.02801,13001205.0
1762754400000,0.02801,0.0283,0.02726,0.02774,13929327.0
1762776000000,0.02772,0.02798,0.02667,0.02726,12783096.0
1762797600000,0.02725,0.02821,0.02706,0.02794,9555733.0
1762819200000,0.02795,0.02884,0.02725,0.02745,27543237.0
1762840800000,0.02748,0.02863,0.02699,0.02852,33112425.0
1762862400000,0.02851,0.03134,0.02751,0.0297,118201903.0
1762884000000,0.0297,0.03081,0.02671,0.02691,46548087.0
1762905600000,0.02692,0.031,0.02648,0.02964,51374762.0
1762927200000,0.02962,0.03054,0.02907,0.03015,46427172.0
1762948800000,0.03016,0.03177,0.02879,0.03054,52681669.0
1762970400000,0.03054,0.04169,0.02963,0.0347,155511885.0
1762992000000,0.03468,0.03468,0.0318,0.03289,89020792.0
1763013600000,0.03289,0.03618,0.03204,0.03264,90212505.0
1763035200000,0.03264,0.03318,0.0298,0.02991,63437669.0
1763056800000,0.0299,0.03018,0.0286,0.02872,29555923.0
1763078400000,0.02872,0.02898,0.02676,0.0276,21724764.0
1763100000000,0.02761,0.02812,0.02626,0.02628,23234980.0
1763121600000,0.02627,0.02718,0.02603,0.02684,21924153.0
1763143200000,0.02684,0.03287,0.02673,0.03157,80861241.0
1763164800000,0.03159,0.03421,0.03068,0.03229,61733340.0
1763186400000,0.03229,0.03258,0.03085,0.03114,31138056.0
1763208000000,0.03113,0.03256,0.03071,0.03141,54324862.0
1763229600000,0.0314,0.03141,0.0297,0.02981,21891778.0
1763251200000,0.02981,0.02998,0.02879,0.02944,13273159.0
1763272800000,0.02945,0.0299,0.0287,0.02881,14119032.0
1763294400000,0.02881,0.02887,0.02697,0.02734,18022851.0
1763316000000,0.02734,0.02825,0.02693,0.02747,17189628.0
1763337600000,0.02748,0.02793,0.0266,0.02667,14431509.0
1763359200000,0.02665,0.02739,0.02645,0.02703,19898725.0
1763380800000,0.02703,0.02721,0.02576,0.02601,22273637.0
1763402400000,0.026,0.02614,0.02505,0.02519,15866124.0
1763424000000,0.02518,0.02549,0.02435,0.02494,26054113.0
1763445600000,0.02494,0.02501,0.02416,0.02418,18318268.0
1763467200000,0.02418,0.02444,0.02371,0.02388,22240378.0
1763488800000,0.02389,0.02408,0.02334,0.02337,21274757.0
1763510400000,0.02338,0.0237,0.02202,0.02205,23893432.0
1763532000000,0.02205,0.02277,0.02203,0.02243,30109743.0
1763553600000,0.02244,0.02252,0.02124,0.02147,23248028.0
1763575200000,0.02146,0.02271,0.02115,0.02242,16946628.0
1763596800000,0.02244,0.02267,0.0221,0.02238,15985453.0
1763618400000,0.02239,0.02253,0.02201,0.02222,9762325.0
1763640000000,0.02222,0.02266,0.02096,0.02122,35123483.0
1763661600000,0.02122,0.02145,0.02045,0.02052,15706818.0
1763683200000,0.02053,0.02192,0.02053,0.02097,30714610.0
1763704800000,0.02098,0.02136,0.01885,0.01996,35791307.0
1763726400000,0.01997,0.02075,0.01974,0.02045,28801865.0
1763748000000,0.02046,0.02089,0.01977,0.0205,33724292.0
1763769600000,0.0205,0.02052,0.02002,0.02027,26901230.0
1763791200000,0.02028,0.02109,0.02003,0.0204,29486326.0
1763812800000,0.0204,0.02224,0.02018,0.02195,38688798.0
1763834400000,0.02195,0.02553,0.02043,0.02047,113210125.0
1763856000000,0.02047,0.02079,0.0202,0.0206,19990001.0
1763877600000,0.02059,0.02071,0.02016,0.02029,13087108.0
1763899200000,0.02028,0.02045,0.02007,0.02021,10086514.0
1763920800000,0.02023,0.02047,0.01991,0.01998,9673459.0
1763942400000,0.01999,0.0207,0.01993,0.02023,14144996.0
1763964000000,0.02023,0.02024,0.01964,0.01998,13283974.0
1763985600000,0.01998,0.02086,0.01975,0.02083,20636893.0
1764007200000,0.02084,0.02102,0.02027,0.02035,17325588.0
1764028800000,0.02035,0.02046,0.02005,0.02027,9794352.0
1764050400000,0.02026,0.02034,0.01985,0.02,12366632.0
1764072000000,0.02,0.02025,0.0196,0.01991,17213533.0
1764093600000,0.01991,0.02031,0.01957,0.02021,15335844.0
1764115200000,0.02022,0.02024,0.01978,0.02008,11423080.0
1764136800000,0.02009,0.02024,0.01982,0.01989,8073677.0
1764158400000,0.01989,0.02024,0.01956,0.02018,13067860.0
1764180000000,0.02019,0.02036,0.02004,0.02024,7870774.0
1764201600000,0.02024,0.02054,0.02015,0.02037,9278645.0
1764223200000,0.02035,0.02066,0.02023,0.02038,7739617.0
1764244800000,0.02037,0.02098,0.02023,0.02068,17465436.0
1764266400000,0.02067,0.02087,0.02037,0.02045,6974305.0
1764288000000,0.02044,0.02048,0.02009,0.02012,10793522.0
1764309600000,0.02011,0.02044,0.01998,0.02018,8937638.0
1764331200000,0.02018,0.02035,0.01959,0.01963,12435174.0
1764352800000,0.01963,0.02,0.01948,0.01976,7096938.0
1764374400000,0.01977,0.02001,0.01971,0.01998,4366791.0
1764396000000,0.01998,0.0201,0.01984,0.02002,7350839.0
1764417600000,0.02001,0.02008,0.01949,0.0196,8188150.0
1764439200000,0.0196,0.01976,0.01952,0.01959,3719007.0
1764460800000,0.01959,0.01965,0.01927,0.01936,10315421.0
1764482400000,0.01935,0.01958,0.01927,0.01935,4540393.0
1764504000000,0.01935,0.01962,0.01926,0.01947,6444527.0
1764525600000,0.01947,0.01949,0.01909,0.01911,6337031.0
1764547200000,0.01911,0.01921,0.01816,0.0182,35905836.0
1764568800000,0.01821,0.01861,0.01809,0.01832,12141073.0
1764590400000,0.01833,0.01846,0.01795,0.01811,17631679.0
1764612000000,0.01811,0.01825,0.01801,0.0182,9524649.0
1764633600000,0.01821,0.01844,0.01809,0.01817,3743854.0
1764655200000,0.01816,0.01837,0.01811,0.01833,2880174.0
1764676800000,0.01833,0.01911,0.0183,0.01898,28811034.0
1764698400000,0.01897,0.01926,0.0189,0.01903,14400628.0
1764720000000,0.01903,0.02014,0.01898,0.02003,20857074.0
1764741600000,0.02004,0.02033,0.0197,0.01991,17621601.0
1764763200000,0.01991,0.02031,0.0193,0.02014,30503200.0
1764784800000,0.02015,0.02141,0.02004,0.02026,71527448.0
1764806400000,0.02027,0.02053,0.02,0.02007,9712131.0
1764828000000,0.02008,0.02017,0.0199,0.01998,5060291.0
1764849600000,0.01998,0.02008,0.01967,0.01979,6421791.0
1764871200000,0.01979,0.0199,0.01929,0.01971,7881580.0
1764892800000,0.01971,0.01985,0.01947,0.01967,6634906.0
1764914400000,0.01968,0.01996,0.0194,0.01943,9813009.0
1764936000000,0.01943,0.01967,0.01903,0.01929,11420329.0
1764957600000,0.01929,0.01946,0.01899,0.01944,6863938.0
1764979200000,0.01943,0.01997,0.01933,0.01994,11991202.0
1765000800000,0.01993,0.02015,0.0196,0.01983,18977989.0
1765022400000,0.01983,0.01994,0.0196,0.01965,7165670.0
1765044000000,0.01965,0.0198,0.01939,0.01949,5484175.0
1765065600000,0.0195,0.0197,0.01945,0.01952,3129628.0
1765087200000,0.01952,0.0196,0.01921,0.01923,2414537.0
1765108800000,0.01923,0.01954,0.0189,0.01945,15159328.0
1765130400000,0.01945,0.01965,0.01897,0.01919,13415471.0
1765152000000,0.01919,0.01952,0.01912,0.01947,7318254.0
1765173600000,0.01948,0.01967,0.01944,0.01955,6269036.0
1765195200000,0.01955,0.01955,0.01897,0.01914,14296630.0
1765216800000,0.01914,0.01919,0.01891,0.01903,7300866.0
1765238400000,0.01903,0.01907,0.01877,0.01887,5235155.0
1765260000000,0.01887,0.01891,0.01862,0.01871,5645413.0
1765281600000,0.0187,0.01952,0.01855,0.01952,18538713.0
1765303200000,0.01952,0.01974,0.0193,0.01968,7079713.0
1765324800000,0.01969,0.01996,0.01927,0.01978,8690957.0
1765346400000,0.01979,0.0198,0.0189,0.01899,9367632.0
1765368000000,0.01899,0.01978,0.01892,0.0196,19055780.0
1765389600000,0.0196,0.02002,0.01916,0.01929,17319949.0
1765411200000,0.01929,0.01932,0.01842,0.01868,13366356.0
1765432800000,0.01868,0.01883,0.01838,0.01853,6001016.0
1765454400000,0.01853,0.01888,0.01846,0.01878,7794999.0
1765476000000,0.01878,0.01923,0.01868,0.01893,11098509.0
1765497600000,0.01894,0.01905,0.01874,0.01901,3923208.0
1765519200000,0.01901,0.01916,0.01887,0.01908,5850130.0
1765540800000,0.01907,0.01919,0.01835,0.01857,12926615.0
1765562400000,0.01857,0.0188,0.01854,0.0187,3178843.0
1765584000000,0.01871,0.01878,0.01846,0.01851,2104515.0
1765605600000,0.01851,0.01874,0.01844,0.01863,1411513.0
1765627200000,0.01863,0.01874,0.01858,0.0187,1778700.0
1765648800000,0.0187,0.01877,0.01854,0.01868,1671929.0
1765670400000,0.01867,0.01869,0.01837,0.0184,2076980.0
1765692000000,0.0184,0.01845,0.0182,0.01839,3534790.0
1765713600000,0.01838,0.01843,0.01786,0.01789,9964680.0
1765735200000,0.01788,0.01799,0.01743,0.01751,10128250.0
1765756800000,0.01751,0.018,0.01744,0.01772,6525510.0
1765778400000,0.01771,0.01772,0.01746,0.01751,3860225.0
1765800000000,0.01752,0.01764,0.01688,0.01693,24458876.0
1765821600000,0.01693,0.01727,0.01686,0.01727,5869107.0
1765843200000,0.01725,0.01733,0.01689,0.01703,6324130.0
1765864800000,0.01703,0.01723,0.0169,0.01722,1880515.0
1765886400000,0.01721,0.01729,0.01692,0.01709,4031488.0
1765908000000,0.01709,0.01728,0.01708,0.01726,1432902.0
1765929600000,0.01726,0.01748,0.01705,0.01724,9186825.0
1765951200000,0.01724,0.01745,0.01719,0.01736,6150583.0
1765972800000,0.01737,0.01741,0.01686,0.01699,25836222.0
1765994400000,0.017,0.01703,0.01671,0.01695,4789535.0
1766016000000,0.01695,0.01707,0.01677,0.01677,1449283.0
1766037600000,0.01677,0.01697,0.01675,0.01695,3768316.0
1766059200000,0.01695,0.01738,0.01679,0.01716,15429348.0
1766080800000,0.01715,0.01728,0.01668,0.01673,14064259.0
1766102400000,0.01672,0.01714,0.01661,0.01705,8081607.0
1766124000000,0.01706,0.0172,0.01695,0.01707,4934741.0
1766145600000,0.01708,0.01719,0.01681,0.01683,8296058.0
1766167200000,0.01684,0.01739,0.01682,0.01735,8499784.0
1766188800000,0.01736,0.01737,0.01723,0.01728,1884670.0
1766210400000,0.01726,0.01741,0.01718,0.01727,2236336.0
1766232000000,0.01728,0.01738,0.01716,0.01724,1886619.0
1766253600000,0.01725,0.01748,0.01722,0.01742,5856115.0
1766275200000,0.01743,0.0175,0.01721,0.01736,2418741.0
1766296800000,0.01735,0.01751,0.01733,0.01738,4711184.0
1766318400000,0.01737,0.01746,0.01706,0.01717,7636978.0
1766340000000,0.01717,0.01729,0.01707,0.01725,1310330.0
1766361600000,0.01726,0.01737,0.01709,0.01732,6507287.0
1766383200000,0.0173,0.01737,0.01725,0.01728,4291276.0
1766404800000,0.01728,0.01736,0.01715,0.01718,8273757.0
1766426400000,0.01718,0.01725,0.01671,0.01696,20136745.0
1766448000000,0.01696,0.01702,0.01668,0.01672,5243371.0
1766469600000,0.01672,0.01714,0.01668,0.01708,5065794.0
1766491200000,0.01707,0.01732,0.01664,0.01667,15058803.0
1766512800000,0.01668,0.01694,0.01665,0.0167,2817913.0
1766534400000,0.0167,0.01673,0.01626,0.01629,10403372.0
1766556000000,0.01628,0.01632,0.01606,0.01629,5082789.0
1766577600000,0.01629,0.0167,0.01625,0.0166,6728872.0
1766599200000,0.01659,0.01687,0.01659,0.0168,1476020.0
1766620800000,0.01681,0.01694,0.01675,0.01682,1954607.0
1766642400000,0.01682,0.01698,0.01661,0.01664,4578358.0
1766664000000,0.01662,0.01696,0.01656,0.01677,2630966.0
1766685600000,0.01674,0.01686,0.0164,0.01647,6315785.0
1766707200000,0.01646,0.01689,0.01637,0.01684,2776968.0
1766728800000,0.01683,0.01752,0.01673,0.01706,44956705.0
1766750400000,0.01707,0.01792,0.01707,0.01708,40782956.0
1766772000000,0.01708,0.01746,0.01705,0.01725,5360615.0
1766793600000,0.01725,0.01762,0.01724,0.01753,7862433.0
1766815200000,0.01752,0.01784,0.01746,0.01752,14367080.0
1766836800000,0.01753,0.01792,0.01737,0.01743,13665646.0
1766858400000,0.01742,0.01757,0.01737,0.0175,4764222.0
1766880000000,0.01751,0.01751,0.01729,0.01732,1881538.0
1766901600000,0.0173,0.01735,0.01718,0.01718,3020343.0
1766923200000,0.01719,0.01726,0.01699,0.01711,8334127.0
1766944800000,0.01711,0.0173,0.01685,0.01691,9561657.0
1766966400000,0.01691,0.01727,0.01686,0.0171,2674888.0
1766988000000,0.01708,0.01735,0.01695,0.01701,8012994.0
1767009600000,0.01701,0.01704,0.01674,0.01682,7579418.0
1767031200000,0.01681,0.01685,0.01669,0.01677,2267544.0
1767052800000,0.01678,0.01681,0.01663,0.01668,3166937.0
1767074400000,0.01668,0.01691,0.01668,0.01688,1159209.0
1767096000000,0.01687,0.01715,0.01675,0.01688,6757508.0
1767117600000,0.01688,0.01689,0.0167,0.0168,881797.0
1767139200000,0.0168,0.0168,0.01654,0.01654,2210365.0
1767160800000,0.01655,0.01658,0.01638,0.01648,3042116.0
1767182400000,0.01647,0.01654,0.0161,0.01625,6158492.0
1767204000000,0.01625,0.01648,0.01616,0.01639,2939816.0
1767225600000,0.01638,0.01652,0.01629,0.01641,3086443.0
1767247200000,0.0164,0.01679,0.01639,0.01678,2302151.0
1767268800000,0.01679,0.01704,0.01666,0.01696,10028962.0
1767290400000,0.01697,0.01706,0.0169,0.01702,2489862.0
1767312000000,0.01702,0.01708,0.01667,0.01687,3554232.0
1767333600000,0.01686,0.017,0.01677,0.0169,5066030.0
1767355200000,0.0169,0.01729,0.01676,0.01722,9657291.0
1767376800000,0.01721,0.01744,0.01712,0.0174,5351858.0
1767398400000,0.01741,0.01747,0.01727,0.01736,5060013.0
1767420000000,0.01737,0.01743,0.0169,0.01704,3607419.0
1767441600000,0.01704,0.01738,0.01703,0.01732,3849968.0
1767463200000,0.01732,0.01744,0.01724,0.01738,2136704.0
1767484800000,0.01739,0.01761,0.01739,0.01756,5437922.0
1767506400000,0.01757,0.0177,0.01729,0.01761,4870177.0
1767528000000,0.01761,0.01805,0.01759,0.01803,12929611.0
1767549600000,0.01804,0.01813,0.01768,0.01782,15411860.0
1767571200000,0.01781,0.01804,0.01757,0.01778,8869996.0
1767592800000,0.01777,0.01801,0.01758,0.01772,8894374.0
1767614400000,0.01772,0.01815,0.0175,0.01812,10523625.0
1767636000000,0.01813,0.01832,0.01809,0.01817,5766090.0
1767657600000,0.01815,0.01839,0.01804,0.01808,5356677.0
1767679200000,0.01808,0.01824,0.01791,0.01824,7028945.0
1767700800000,0.01822,0.01856,0.01766,0.01766,13001108.0
1767722400000,0.01766,0.01832,0.01763,0.01821,5970904.0
1767744000000,0.01821,0.01824,0.01777,0.01792,3681632.0
1767765600000,0.01792,0.01822,0.01782,0.018,4178356.0
1767787200000,0.018,0.02218,0.01788,0.01872,337193768.0
1767808800000,0.01872,0.02292,0.01855,0.02052,279382365.0
1767830400000,0.02053,0.02207,0.01994,0.02035,137775714.0
1767852000000,0.02035,0.02059,0.0192,0.02024,82458460.0
1767873600000,0.02025,0.0215,0.01882,0.0189,310815795.0
1767895200000,0.01891,0.01947,0.01828,0.01857,121092085.0
1767916800000,0.01857,0.01979,0.01853,0.01971,42882934.0
1767938400000,0.0197,0.02027,0.01891,0.01904,62468518.0
1767960000000,0.01904,0.0202,0.01899,0.01943,49733762.0
1767981600000,0.01941,0.01946,0.01859,0.0188,51841063.0
1768003200000,0.01878,0.01971,0.01858,0.0188,48733796.0
1768024800000,0.0188,0.01917,0.0188,0.01906,6835494.0
1768046400000,0.01909,0.01924,0.01817,0.01821,43702350.0
1768068000000,0.01822,0.01841,0.01794,0.01801,25340645.0
1768089600000,0.01801,0.01825,0.01787,0.01819,11025226.0
1768111200000,0.01818,0.01838,0.01805,0.01829,4833994.0
1768132800000,0.01828,0.01835,0.01806,0.01817,6621049.0
1768154400000,0.01817,0.01819,0.01787,0.01797,5856095.0
1768176000000,0.01796,0.01837,0.01787,0.0182,12022461.0
1768197600000,0.01821,0.01837,0.01767,0.01772,10577181.0
1768219200000,0.01772,0.01817,0.0176,0.01786,10670380.0
1768240800000,0.01786,0.01799,0.0176,0.01795,5414855.0
1768262400000,0.01792,0.01798,0.01765,0.01775,6998574.0
1768284000000,0.01775,0.01793,0.01768,0.01779,6828396.0
1768305600000,0.0178,0.01822,0.01777,0.01803,12152852.0
1768327200000,0.01804,0.01958,0.01801,0.01885,96237834.0
1768348800000,0.01886,0.0191,0.01853,0.01876,17036782.0
1768370400000,0.01876,0.01909,0.01836,0.01858,19244524.0
1768392000000,0.01859,0.01898,0.01848,0.01865,9430763.0
1768413600000,0.01864,0.01891,0.01838,0.01851,9052735.0
1768435200000,0.01851,0.01884,0.0182,0.01841,31282587.0
1768456800000,0.01842,0.01869,0.01834,0.01835,15699553.0
1768478400000,0.01836,0.01867,0.018,0.01816,11240536.0
1768500000000,0.01817,0.01852,0.01793,0.01822,26869800.0
1768521600000,0.01821,0.01857,0.01818,0.01854,7744974.0
1768543200000,0.01854,0.0188,0.01847,0.0188,11171535.0
1768564800000,0.0188,0.01895,0.0184,0.01894,16526896.0
1768586400000,0.01895,0.01932,0.01867,0.01882,31537875.0
1768608000000,0.01882,0.01882,0.0185,0.01871,3977045.0
1768629600000,0.01871,0.01919,0.01869,0.01901,6692217.0
1768651200000,0.019,0.0191,0.01877,0.01887,5166261.0
1768672800000,0.01888,0.0189,0.01868,0.01875,2993894.0
1768694400000,0.01876,0.01889,0.01864,0.01874,3373421.0
1768716000000,0.01874,0.01885,0.01867,0.01876,4057313.0
1768737600000,0.01876,0.0188,0.01852,0.0188,2263294.0
1768759200000,0.0188,0.01887,0.01822,0.01824,9741307.0
1768780800000,0.01823,0.01823,0.01694,0.01756,30053671.0
1768802400000,0.01756,0.01766,0.01732,0.01737,6973221.0
1768824000000,0.01737,0.01793,0.01725,0.01776,20118969.0
1768845600000,0.01777,0.01803,0.0177,0.01778,3859148.0
1768867200000,0.01778,0.01778,0.01752,0.01755,2973426.0
1768888800000,0.01755,0.01755,0.01714,0.01716,11066205.0
1768910400000,0.01717,0.01743,0.01697,0.017,6323945.0
1768932000000,0.01701,0.01719,0.01676,0.0168,9022534.0
1768953600000,0.01681,0.01723,0.01681,0.01717,2525495.0
1768975200000,0.01717,0.0172,0.01685,0.01686,9335400.0
1768996800000,0.01686,0.0173,0.01678,0.01695,8835068.0
1769018400000,0.01694,0.01751,0.01688,0.01719,6336502.0
1769040000000,0.01718,0.01743,0.01718,0.01728,3207473.0
1769061600000,0.01729,0.0173,0.01709,0.01709,2753166.0
1769083200000,0.01709,0.01732,0.01697,0.01729,3436571.0
1769104800000,0.01729,0.0173,0.01704,0.01714,1558141.0
1769126400000,0.01714,0.01733,0.01714,0.01729,1810407.0
1769148000000,0.0173,0.01735,0.01706,0.01724,3182645.0
1769169600000,0.01724,0.01759,0.01708,0.0175,7627370.0
1769191200000,0.0175,0.01764,0.01726,0.01758,4482559.0
1769212800000,0.01758,0.01787,0.01751,0.01764,6774235.0
1769234400000,0.01763,0.01777,0.01756,0.01764,5606220.0
1769256000000,0.01763,0.01768,0.01742,0.01748,5380439.0
1769277600000,0.01747,0.01748,0.0173,0.01745,3975113.0
1769299200000,0.01745,0.01755,0.0172,0.01734,5300429.0
1769320800000,0.01734,0.01744,0.01723,0.01732,3064444.0
1769342400000,0.01731,0.01745,0.01701,0.01728,10086126.0
1769364000000,0.01726,0.01741,0.01702,0.01733,8959557.0
1769385600000,0.01733,0.01788,0.01727,0.01765,25392429.0
1769407200000,0.01765,0.01771,0.01742,0.01745,9656706.0
1769428800000,0.01745,0.01781,0.01739,0.01779,7178001.0
1769450400000,0.01777,0.01787,0.01763,0.01767,4066441.0
1769472000000,0.01767,0.01784,0.01765,0.01782,3016783.0
1769493600000,0.01782,0.01782,0.01737,0.01737,6279302.0
1769515200000,0.01737,0.0176,0.01722,0.01741,7783735.0
1769536800000,0.0174,0.01822,0.01739,0.01786,22221892.0
1769558400000,0.01787,0.0179,0.01771,0.01775,1625970.0
1769580000000,0.01776,0.01813,0.01771,0.01804,6915235.0
1769601600000,0.01804,0.01809,0.01778,0.01796,6419977.0
1769623200000,0.01795,0.01832,0.01786,0.0183,7901201.0
1769644800000,0.01829,0.01832,0.01782,0.01808,16906568.0
1769666400000,0.01808,0.01858,0.01807,0.01832,25267284.0
1769688000000,0.01833,0.01856,0.01781,0.01791,33107033.0
1769709600000,0.0179,0.01853,0.0178,0.01849,18185750.0
1769731200000,0.01849,0.01878,0.01804,0.01851,36406831.0
1769752800000,0.01851,0.01865,0.01815,0.0184,15589127.0
1769774400000,0.01841,0.01869,0.01828,0.01856,9674942.0
1769796000000,0.01857,0.01888,0.01831,0.0184,9682491.0
1769817600000,0.01841,0.01849,0.01819,0.01829,6312094.0
1769839200000,0.01829,0.01829,0.01757,0.01762,15807791.0
1769860800000,0.01762,0.01764,0.01605,0.01624,35821309.0
1769882400000,0.01625,0.0168,0.01517,0.01669,28798030.0
1769904000000,0.01669,0.01744,0.01666,0.0173,14256817.0
1769925600000,0.01731,0.01753,0.01705,0.01706,8962271.0
1769947200000,0.01706,0.01719,0.01665,0.01706,9726309.0
1769968800000,0.01706,0.01729,0.01643,0.01669,13096044.0
1769990400000,0.0167,0.01704,0.01605,0.01612,22877431.0
1770012000000,0.01611,0.01661,0.01593,0.01639,19372857.0
1770033600000,0.01639,0.0168,0.01634,0.0167,7536743.0
1770055200000,0.0167,0.01686,0.01658,0.01677,2650985.0
1770076800000,0.01678,0.01692,0.01631,0.01686,7773296.0
1770098400000,0.01686,0.01699,0.01633,0.01641,8991505.0
1770120000000,0.01642,0.01659,0.01559,0.01561,21219270.0
1770141600000,0.01562,0.01606,0.01494,0.01505,30288633.0
1770163200000,0.01504,0.01517,0.01437,0.01467,33524239.0
1770184800000,0.01468,0.01494,0.01407,0.01469,46444417.0
1770206400000,0.0147,0.01522,0.0144,0.01455,34755587.0
1770228000000,0.01455,0.01501,0.01437,0.01445,16749137.0
1770249600000,0.01445,0.01456,0.01398,0.01398,17033491.0
1770271200000,0.01398,0.01409,0.01342,0.01355,15258886.0
1770292800000,0.01356,0.01367,0.01254,0.01261,62027319.0
1770314400000,0.01263,0.01272,0.01176,0.01181,65265755.0
1770336000000,0.01181,0.01229,0.0108,0.01225,62291049.0
1770357600000,0.01223,0.01255,0.01191,0.01251,9923789.0
1770379200000,0.0125,0.01401,0.01245,0.01391,22519733.0
1770400800000,0.01391,0.0145,0.01366,0.01407,28072757.0
1770422400000,0.01408,0.01461,0.01391,0.01413,13606245.0
1770444000000,0.01414,0.01417,0.01356,0.01391,19943216.0
1770465600000,0.0139,0.01418,0.01378,0.01396,20118724.0
1770487200000,0.01397,0.01416,0.01377,0.01384,3581161.0
1770508800000,0.01384,0.01389,0.01351,0.01353,3719239.0
1770530400000,0.01352,0.01383,0.01345,0.01379,5809131.0
1770552000000,0.01378,0.01378,0.01324,0.01334,4446511.0
1770573600000,0.01335,0.01409,0.01335,0.01373,23863979.0
1770595200000,0.01374,0.01413,0.01369,0.01413,6629164.0
1770616800000,0.01412,0.01412,0.01354,0.01372,8456493.0
1770638400000,0.01372,0.01412,0.01358,0.01406,14031162.0
1770660000000,0.01406,0.01415,0.01387,0.01389,3998167.0
1770681600000,0.0139,0.01402,0.01363,0.01373,4209907.0
1770703200000,0.01373,0.01373,0.01343,0.01346,6074050.0
1770724800000,0.01347,0.01383,0.01342,0.01367,6959097.0
1770746400000,0.01368,0.0137,0.01332,0.0134,7133095.0
1770768000000,0.0134,0.01348,0.01306,0.01307,10770771.0
1770789600000,0.01308,0.0131,0.01279,0.01293,8288415.0
1770811200000,0.01293,0.0135,0.01287,0.01325,20772493.0
1770832800000,0.01326,0.01369,0.01318,0.01347,17991308.0
1770854400000,0.01346,0.01384,0.01346,0.01373,8478831.0
1770876000000,0.01373,0.01391,0.01359,0.0136,5603421.0
1770897600000,0.01359,0.01365,0.01317,0.01321,14608749.0
1770919200000,0.01321,0.01353,0.01311,0.01343,8253643.0
1770940800000,0.01344,0.01365,0.01325,0.01326,8477691.0
1770962400000,0.01326,0.01344,0.01323,0.01328,4087446.0
1770984000000,0.01328,0.01393,0.01324,0.01381,11160364.0
1771005600000,0.0138,0.01392,0.01373,0.01376,3327058.0
1771027200000,0.01377,0.01388,0.01364,0.01364,3069797.0
1771048800000,0.01364,0.01411,0.01358,0.0141,11204522.0
1771070400000,0.01409,0.0141,0.01386,0.01402,3918125.0
1771092000000,0.01402,0.01427,0.01402,0.01408,4780579.0
1771113600000,0.01408,0.01416,0.01378,0.01411,9078990.0
1771135200000,0.01411,0.01419,0.01388,0.01389,4727237.0
1771156800000,0.0139,0.01391,0.01348,0.0136,9899574.0
1771178400000,0.01359,0.01405,0.01355,0.01364,32610767.0
1771200000000,0.01364,0.01383,0.01355,0.01377,5137618.0
1771221600000,0.01376,0.01486,0.01374,0.01402,62710327.0
1771243200000,0.01401,0.01421,0.01377,0.01398,13803167.0
1771264800000,0.01398,0.01428,0.01398,0.01403,3559121.0
1771286400000,0.01404,0.01405,0.01376,0.01383,3974592.0
1771308000000,0.01384,0.01427,0.01381,0.01425,12103500.0
1771329600000,0.01425,0.01472,0.01401,0.01415,16258979.0
1771351200000,0.01415,0.0143,0.01399,0.01421,3875044.0
1771372800000,0.01421,0.01422,0.01386,0.01406,6572019.0
1771394400000,0.01406,0.01423,0.01381,0.01388,5348911.0
1771416000000,0.01388,0.01403,0.0137,0.01384,7556196.0
1771437600000,0.01385,0.014,0.01358,0.01372,12646353.0
1771459200000,0.01372,0.01373,0.01341,0.01347,7761810.0
1771480800000,0.01346,0.0136,0.01332,0.01352,4043999.0
1771502400000,0.01352,0.01354,0.01323,0.01329,4472659.0
1771524000000,0.0133,0.01348,0.0133,0.01348,1758782.0
1771545600000,0.01347,0.01358,0.01334,0.01349,2849530.0
1771567200000,0.01348,0.01356,0.01339,0.01341,2090801.0
1771588800000,0.01341,0.01344,0.01294,0.01339,17150666.0
1771610400000,0.0134,0.01347,0.01329,0.01342,2923126.0
1771632000000,0.01342,0.01349,0.01332,0.01334,3547625.0
1771653600000,0.01335,0.01344,0.01328,0.01333,1996104.0
1771675200000,0.01334,0.01345,0.01303,0.01309,2815735.0
1771696800000,0.0131,0.01318,0.01295,0.01303,4156669.0
1771718400000,0.01303,0.01304,0.01279,0.01281,4392542.0
1771740000000,0.01282,0.01291,0.01272,0.01285,2604858.0
1771761600000,0.01285,0.01286,0.01256,0.01263,3219837.0
1771783200000,0.01263,0.01263,0.01239,0.01255,2642865.0
1771804800000,0.01255,0.0126,0.01196,0.01214,7267684.0
1771826400000,0.01213,0.0125,0.01213,0.01242,5220307.0
1771848000000,0.01243,0.01253,0.01188,0.01198,4386121.0
1771869600000,0.01198,0.01201,0.0118,0.01192,2601677.0
1771891200000,0.01192,0.01208,0.01179,0.01184,5614379.0
1771912800000,0.01185,0.01195,0.01174,0.01183,5371509.0
1771934400000,0.01182,0.0123,0.0117,0.01227,13744497.0
1771956000000,0.01228,0.01254,0.01193,0.01195,21003922.0
1771977600000,0.01196,0.01279,0.01194,0.0126,12694421.0
1771999200000,0.01261,0.01266,0.01238,0.01243,4500920.0
1772020800000,0.01244,0.01263,0.01232,0.01262,9152578.0
1772042400000,0.01261,0.01289,0.01243,0.01258,15800467.0
1772064000000,0.01258,0.01268,0.0124,0.01251,3726720.0
1772085600000,0.01251,0.01261,0.01234,0.0125,5197125.0
1772107200000,0.01249,0.01258,0.01195,0.01214,20082919.0
1772128800000,0.01214,0.01254,0.01212,0.01243,5781026.0
1772150400000,0.01244,0.0127,0.01235,0.01255,3324303.0
1772172000000,0.01255,0.01275,0.0125,0.01256,10842515.0
1772193600000,0.01256,0.01257,0.0122,0.01233,6445616.0
1772215200000,0.01233,0.01236,0.01196,0.01214,3030374.0
1772236800000,0.01215,0.01216,0.01196,0.012,1354977.0
1772258400000,0.012,0.012,0.0113,0.01133,11404614.0
1772280000000,0.01133,0.01162,0.01127,0.01155,6036990.0
1772301600000,0.01155,0.01182,0.01143,0.01175,5161181.0
1772323200000,0.01175,0.01203,0.01155,0.01181,6837760.0
1772344800000,0.0118,0.0118,0.01145,0.01158,7424019.0
1772366400000,0.01158,0.01167,0.01101,0.01112,10212053.0
1772388000000,0.01113,0.01129,0.01086,0.01118,9494379.0
1772409600000,0.01119,0.01159,0.01119,0.01133,5565252.0
1772431200000,0.01133,0.01148,0.01108,0.01138,6211088.0
1772452800000,0.01138,0.01238,0.01133,0.01204,22870026.0
1772474400000,0.01205,0.01234,0.01187,0.01189,14669305.0
1772496000000,0.0119,0.01199,0.01168,0.0117,6041017.0
1772517600000,0.01171,0.01186,0.01133,0.01144,6994830.0
1772539200000,0.01143,0.0116,0.01119,0.0115,9340710.0
1772560800000,0.0115,0.01161,0.01137,0.01143,5557747.0
1772582400000,0.01143,0.01152,0.01122,0.0114,6987530.0
1772604000000,0.01139,0.01169,0.01123,0.01138,17487089.0
1772625600000,0.01138,0.01167,0.0113,0.01159,13897850.0
1772647200000,0.01158,0.0118,0.01139,0.01148,20413357.0
1772668800000,0.01148,0.01154,0.01128,0.01134,5218072.0
1772690400000,0.01134,0.01191,0.0113,0.01175,10559824.0
1772712000000,0.01176,0.01183,0.01119,0.01127,14676446.0
1772733600000,0.01126,0.01171,0.01126,0.01153,3767452.0
1772755200000,0.01152,0.01169,0.01134,0.01141,5647316.0
1772776800000,0.0114,0.01154,0.01132,0.0115,4974619.0
1772798400000,0.01149,0.01163,0.01087,0.01094,12814268.0
1772820000000,0.01094,0.0111,0.01094,0.01099,2501555.0
1772841600000,0.011,0.01101,0.01075,0.01088,7726000.0
1772863200000,0.01088,0.01116,0.01066,0.01098,25575679.0
1772884800000,0.01098,0.01158,0.01097,0.01153,36150950.0
1772906400000,0.01153,0.01288,0.01123,0.01133,154126066.0
1772928000000,0.01133,0.01166,0.01096,0.01155,42473816.0
1772949600000,0.01154,0.0127,0.01153,0.01218,117255317.0
1772971200000,0.01219,0.0163,0.01197,0.01565,248623769.0
1772992800000,0.01566,0.0172,0.01411,0.01417,312063041.0
1773014400000,0.01417,0.01538,0.01387,0.01433,137436222.0
1773036000000,0.01433,0.01477,0.01366,0.01426,70343171.0
1773057600000,0.01426,0.01457,0.01405,0.01447,51553626.0
1773079200000,0.01448,0.01655,0.01437,0.01572,119135167.0
1773100800000,0.01572,0.01715,0.0155,0.01615,79804873.0
1773122400000,0.01616,0.01659,0.0159,0.0163,27685180.0
1773144000000,0.01631,0.01655,0.01501,0.01505,35458408.0
1773165600000,0.01506,0.01513,0.0145,0.01455,17712146.0
1773187200000,0.01455,0.01607,0.01452,0.01595,40828992.0
1773208800000,0.01594,0.01604,0.01452,0.0146,25348080.0
1773230400000,0.01459,0.0154,0.01458,0.01512,19282601.0
1773252000000,0.01513,0.01531,0.01459,0.01461,17181346.0
1773273600000,0.01462,0.0149,0.01456,0.01477,17144343.0
1773295200000,0.01476,0.01505,0.01472,0.01487,15031235.0
1773316800000,0.01486,0.01615,0.01486,0.01502,72354673.0
1773338400000,0.01502,0.01503,0.01436,0.01448,22154589.0
1773360000000,0.01449,0.01479,0.01418,0.0142,17550963.0
1773381600000,0.01421,0.01438,0.0139,0.01399,19172735.0
1773403200000,0.01399,0.01427,0.01352,0.01361,27558224.0
1773424800000,0.0136,0.01373,0.01309,0.01329,17807736.0
1773446400000,0.01329,0.01335,0.01283,0.01297,12233502.0
1773468000000,0.01297,0.0133,0.01291,0.01321,19714607.0
1773489600000,0.0132,0.01327,0.01254,0.01259,13737621.0
1773511200000,0.01259,0.01284,0.01253,0.01273,9160121.0
1773532800000,0.01274,0.01291,0.0126,0.01282,8520113.0
1773554400000,0.01282,0.013,0.01272,0.01289,16423976.0
1773576000000,0.01289,0.01292,0.0127,0.0127,7624853.0
1773597600000,0.01271,0.01271,0.01239,0.01246,9223214.0
1773619200000,0.01247,0.01315,0.01227,0.01308,31019983.0
1773640800000,0.01308,0.0137,0.01295,0.01364,26056626.0
1773662400000,0.01365,0.01596,0.01359,0.01453,229980301.0
1773684000000,0.01452,0.01458,0.01319,0.01362,50294717.0
1773705600000,0.01362,0.01407,0.01323,0.01325,31871732.0
1773727200000,0.01326,0.01373,0.01325,0.01361,15832436.0
1773748800000,0.01361,0.0142,0.01349,0.01408,49302880.0
1773770400000,0.01408,0.01424,0.01371,0.01373,10702359.0
1773792000000,0.01373,0.01403,0.01356,0.0136,25776432.0
1773813600000,0.0136,0.01366,0.01328,0.01338,11982082.0
1773835200000,0.01337,0.01345,0.01279,0.01293,19094731.0
1773856800000,0.01293,0.01306,0.01271,0.01283,6159780.0
1773878400000,0.01283,0.01302,0.01265,0.01296,6814260.0
1773900000000,0.01296,0.01307,0.01258,0.01283,11560766.0
1773921600000,0.01282,0.01315,0.01263,0.01283,27803101.0
1773943200000,0.01284,0.01296,0.01266,0.01282,7509645.0
1773964800000,0.01283,0.01306,0.01264,0.01301,17296367.0
1773986400000,0.013,0.01343,0.01291,0.01313,14475405.0
1774008000000,0.01313,0.01325,0.01292,0.013,10514382.0
1774029600000,0.01301,0.01367,0.01292,0.01353,26753719.0
1774051200000,0.01353,0.01374,0.01326,0.01344,18847704.0
1774072800000,0.01343,0.01347,0.01309,0.01326,10657887.0
1774094400000,0.01327,0.01367,0.01321,0.0135,21466098.0
1774116000000,0.0135,0.01408,0.01342,0.01379,33842127.0
1774137600000,0.01379,0.01394,0.01349,0.01355,17552070.0
1774159200000,0.01354,0.01379,0.01339,0.01347,18228963.0
1774180800000,0.01347,0.01372,0.0132,0.01334,11628137.0
1774202400000,0.01333,0.0134,0.01293,0.01322,10388278.0
1774224000000,0.01323,0.01426,0.01323,0.01414,29315850.0
1774245600000,0.01413,0.01478,0.01381,0.01454,35376401.0
1774267200000,0.01454,0.01476,0.01404,0.01417,36164704.0
1774288800000,0.01417,0.01424,0.01375,0.01396,14898051.0
1774310400000,0.01396,0.0142,0.01384,0.01396,12090072.0
1774332000000,0.01395,0.01395,0.01367,0.01379,8774319.0
1774353600000,0.01379,0.01379,0.01346,0.01352,9433842.0
1774375200000,0.01352,0.0138,0.01346,0.0136,5400400.0
1774396800000,0.0136,0.01398,0.01354,0.01376,15761075.0
1774418400000,0.01376,0.01384,0.01361,0.01379,3450310.0
1774440000000,0.01379,0.01429,0.0137,0.01412,31730367.0
1774461600000,0.01413,0.0142,0.01357,0.01365,18936454.0
1774483200000,0.01366,0.0138,0.01326,0.01346,12954380.0
1774504800000,0.01345,0.01346,0.01293,0.01293,9819067.0
1774526400000,0.01294,0.01331,0.01277,0.01298,19028728.0
1774548000000,0.01297,0.01306,0.01267,0.01282,16249603.0
1774569600000,0.01283,0.01325,0.01281,0.01317,11528628.0
1774591200000,0.01317,0.01328,0.01271,0.01276,11780513.0
1774612800000,0.01276,0.01285,0.01262,0.01282,10327064.0
1774634400000,0.01281,0.01298,0.01275,0.01279,4705375.0
1774656000000,0.0128,0.01284,0.01245,0.01266,5777330.0
1774677600000,0.01265,0.01292,0.01258,0.01289,11069895.0
1774699200000,0.01288,0.01347,0.01279,0.01318,43393593.0
1774720800000,0.01318,0.01326,0.01289,0.01289,7333381.0
1774742400000,0.01289,0.0131,0.0128,0.01302,8280757.0
1774764000000,0.013,0.0131,0.01269,0.01271,6420107.0
1774785600000,0.01271,0.01308,0.01258,0.01307,11306139.0
1774807200000,0.01308,0.01361,0.01301,0.01332,23962671.0
1774828800000,0.01332,0.01353,0.01325,0.01325,7211019.0
1774850400000,0.01325,0.0133,0.01308,0.01319,3801049.0
1774872000000,0.01319,0.01339,0.01291,0.01332,18662091.0
1774893600000,0.01331,0.01397,0.01318,0.01377,21727012.0
1774915200000,0.01377,0.0142,0.01349,0.01407,29669448.0
1774936800000,0.01406,0.01436,0.01389,0.01411,34712862.0
1774958400000,0.01412,0.01436,0.01399,0.01411,14444360.0
1774980000000,0.0141,0.01456,0.01408,0.01439,19338206.0
1775001600000,0.0144,0.01449,0.01403,0.01403,10790425.0
1775023200000,0.01403,0.01417,0.0137,0.01371,14014974.0
1775044800000,0.01372,0.01418,0.01371,0.01404,14168561.0
1775066400000,0.01405,0.01465,0.01405,0.01454,24293996.0
1775088000000,0.01453,0.01488,0.01413,0.01437,36216791.0
1775109600000,0.01436,0.01439,0.01384,0.01389,26625390.0
1775131200000,0.0139,0.01416,0.01353,0.01354,24459303.0
1775152800000,0.01354,0.01398,0.01352,0.01394,6292244.0
1775174400000,0.01394,0.01491,0.01381,0.01443,31310681.0
1775196000000,0.01444,0.01486,0.01433,0.01438,19930710.0
1775217600000,0.01437,0.01451,0.014,0.01409,10148657.0
1775239200000,0.01408,0.01443,0.01399,0.01425,8611692.0
1775260800000,0.01424,0.01442,0.01411,0.01423,5342734.0
1775282400000,0.01424,0.01441,0.01363,0.01365,29525553.0
1775304000000,0.01366,0.01377,0.01273,0.01299,68808411.0
1775325600000,0.01299,0.013,0.01266,0.01273,20926172.0
1775347200000,0.01274,0.01288,0.01227,0.01263,47006434.0
1775368800000,0.01263,0.01283,0.01235,0.0124,20846162.0
1775390400000,0.0124,0.01268,0.01231,0.01248,21836146.0
1775412000000,0.01248,0.01255,0.0123,0.01233,11462399.0
1775433600000,0.01234,0.01288,0.01233,0.01274,24348147.0
1775455200000,0.01275,0.01291,0.01257,0.01284,24121768.0
1775476800000,0.01284,0.01305,0.01275,0.01288,14827547.0
1775498400000,0.01288,0.01295,0.01263,0.0127,7191554.0
1775520000000,0.01269,0.01316,0.01249,0.01297,20174130.0
1775541600000,0.01297,0.01307,0.01261,0.01262,21888398.0
1775563200000,0.01263,0.0134,0.01237,0.01316,75979388.0
1775584800000,0.01316,0.01326,0.01282,0.01319,16784333.0
1775606400000,0.01319,0.01322,0.01299,0.013,3189732.0
1775628000000,0.013,0.01312,0.0129,0.01307,6462278.0
1775649600000,0.01307,0.01333,0.013,0.01314,18245043.0
1775671200000,0.01313,0.01344,0.01307,0.01329,14109938.0
1775692800000,0.01329,0.01339,0.01309,0.01332,12688253.0
1775714400000,0.01332,0.01397,0.01329,0.01387,36221672.0
1775736000000,0.01387,0.01418,0.01349,0.01358,40981531.0
1775757600000,0.01358,0.01375,0.0135,0.01365,12270659.0
1775779200000,0.01365,0.01387,0.01343,0.01379,20921606.0
1775800800000,0.0138,0.014,0.01368,0.01384,26831181.0
1775822400000,0.01384,0.01403,0.01359,0.01365,13155302.0
1775844000000,0.01365,0.01393,0.01361,0.01372,7916492.0
1775865600000,0.01373,0.01457,0.01363,0.01408,51205815.0
1775887200000,0.01409,0.01458,0.01408,0.01455,38025266.0
1775908800000,0.01455,0.01462,0.01422,0.0144,24042928.0
1775930400000,0.01439,0.01485,0.01428,0.01431,20747886.0
1775952000000,0.01432,0.01458,0.01389,0.01411,37902457.0
1775973600000,0.0141,0.01461,0.01396,0.01444,9592441.0
1775995200000,0.01444,0.01469,0.01416,0.01435,29324812.0
1776016800000,0.01435,0.01479,0.01412,0.01418,30470566.0
1776038400000,0.01418,0.01442,0.01403,0.01433,27112387.0
1776060000000,0.01433,0.01451,0.01395,0.01398,13794081.0
1776081600000,0.01398,0.01438,0.01388,0.01419,20792835.0
1776103200000,0.01419,0.01453,0.01418,0.01444,13072495.0
1776124800000,0.01444,0.01487,0.01434,0.01449,25967889.0
1776146400000,0.0145,0.01531,0.01449,0.01472,38328543.0
1776168000000,0.01471,0.01511,0.01435,0.01474,30337132.0
1776189600000,0.01474,0.01475,0.01425,0.01429,7424552.0
1776211200000,0.0143,0.01476,0.0143,0.01464,10381556.0
1776232800000,0.01465,0.0147,0.01434,0.01457,6750918.0
1776254400000,0.01457,0.01467,0.0143,0.01445,15734451.0
1776276000000,0.01446,0.01478,0.01446,0.01454,8651771.0
1776297600000,0.01454,0.01498,0.0144,0.0149,11870216.0
1776319200000,0.0149,0.0153,0.01476,0.01502,20853863.0
1776340800000,0.01502,0.01651,0.01499,0.01579,93251827.0
1776362400000,0.0158,0.01603,0.01566,0.01596,11000507.0
1776384000000,0.01595,0.01629,0.01569,0.01571,26924425.0
1776405600000,0.01571,0.01622,0.0156,0.01598,12852430.0
1776427200000,0.01598,0.01643,0.01593,0.01618,14819665.0
1776448800000,0.01618,0.01647,0.01617,0.01628,9412550.0
1776470400000,0.01628,0.01638,0.01568,0.01582,16026631.0
1776492000000,0.01583,0.01612,0.01582,0.01599,7739938.0
1776513600000,0.016,0.01643,0.01591,0.01599,17865201.0
1776535200000,0.01599,0.0161,0.01576,0.01593,3288979.0
1776556800000,0.01594,0.01629,0.01562,0.01606,20269778.0
1776578400000,0.01605,0.01688,0.01581,0.01678,55390033.0
1776600000000,0.01679,0.01687,0.01521,0.01529,72787109.0
1776621600000,0.01529,0.01539,0.01508,0.01513,5453870.0
1776643200000,0.01513,0.01569,0.01511,0.01569,16813359.0
1776664800000,0.01569,0.0157,0.0152,0.01525,9739736.0
1776686400000,0.01524,0.01595,0.0152,0.01586,10153890.0
1776708000000,0.01586,0.01628,0.01576,0.01623,11709995.0
1776729600000,0.01624,0.01647,0.0159,0.01638,16313100.0
1776751200000,0.01639,0.0166,0.01578,0.01605,19477693.0
1776772800000,0.01604,0.01627,0.01585,0.01602,6863830.0
1776794400000,0.01603,0.01625,0.01589,0.01607,7184331.0
1776816000000,0.01606,0.01649,0.01587,0.01641,12525249.0
1776837600000,0.0164,0.01663,0.01633,0.01646,8495937.0
1776859200000,0.01647,0.01662,0.01626,0.01656,3997089.0
1776880800000,0.01655,0.01664,0.01609,0.01615,4502675.0
1776902400000,0.01616,0.01627,0.01569,0.01577,14490275.0
1776924000000,0.01578,0.01596,0.01553,0.01572,5334463.0
1776945600000,0.01572,0.01601,0.01569,0.01585,7167926.0
1776967200000,0.01585,0.01624,0.0157,0.01597,19833227.0
1776988800000,0.01598,0.01598,0.01549,0.01576,12116590.0
1777010400000,0.01577,0.01603,0.01562,0.01574,9689224.0
1777032000000,0.01574,0.01602,0.01568,0.01586,9376747.0
1777053600000,0.01586,0.01605,0.01583,0.016,2059961.0
1777075200000,0.01601,0.01606,0.01578,0.0158,7886647.0
1777096800000,0.01581,0.01603,0.01573,0.01584,8875335.0
1777118400000,0.01584,0.01595,0.01563,0.01563,7362457.0
1777140000000,0.01563,0.01574,0.01554,0.01562,4656149.0
1777161600000,0.01563,0.01563,0.01532,0.01548,4602776.0
1777183200000,0.01549,0.01573,0.0154,0.01569,8218554.0
1777204800000,0.01569,0.01582,0.01533,0.0154,15445797.0
1777226400000,0.0154,0.01557,0.01532,0.01547,4025432.0
1777248000000,0.01548,0.01565,0.0152,0.01534,10212263.0
1777269600000,0.01532,0.01566,0.01528,0.0154,9148820.0
1777291200000,0.01539,0.01571,0.01499,0.01534,24383263.0
1777312800000,0.01534,0.01545,0.01518,0.01538,5363555.0
1777334400000,0.01537,0.01576,0.0153,0.01549,13224488.0
1777356000000,0.01548,0.01564,0.01535,0.01539,4762949.0
1777377600000,0.0154,0.01548,0.01527,0.01537,6028426.0
1777399200000,0.01536,0.01555,0.01528,0.01548,4882617.0
1777420800000,0.01547,0.01564,0.01516,0.01534,11641872.0
1777442400000,0.01534,0.01537,0.0151,0.0152,5931679.0
1777464000000,0.0152,0.01536,0.0149,0.01506,18420463.0
1777485600000,0.01505,0.01505,0.01475,0.01483,3240624.0
1777507200000,0.01483,0.01498,0.01472,0.01477,11647642.0
1777528800000,0.01476,0.01492,0.01473,0.01476,3032567.0
1777550400000,0.01476,0.01482,0.01466,0.01471,2428669.0
1777572000000,0.01471,0.01477,0.01453,0.01458,4143885.0
1777593600000,0.01459,0.01483,0.01459,0.01477,1905180.0
1777615200000,0.01477,0.01489,0.01466,0.01482,4262871.0
1777636800000,0.01482,0.01591,0.01481,0.01567,23619998.0
1777658400000,0.01567,0.01662,0.01547,0.01648,37739939.0
1777680000000,0.01647,0.01769,0.01635,0.01669,100610799.0
1777701600000,0.01669,0.01786,0.01658,0.01753,66003332.0
1777723200000,0.01751,0.01862,0.01701,0.01773,74588515.0
1777744800000,0.01773,0.01987,0.01773,0.0198,91761093.0
1777766400000,0.0198,0.02576,0.01835,0.02569,360950212.0
1777788000000,0.02569,0.03199,0.02351,0.02417,848129423.0
1777809600000,0.02417,0.02546,0.02005,0.0205,391096176.0
1777831200000,0.0205,0.02076,0.01944,0.01972,102802857.0
1777852800000,0.01972,0.02079,0.01919,0.02059,116431618.0
1777874400000,0.02059,0.02073,0.0188,0.01929,124917085.0
1777896000000,0.01929,0.02084,0.01891,0.02034,119050461.0
1777917600000,0.02034,0.02064,0.01906,0.01917,57401009.0
1777939200000,0.01918,0.01941,0.01849,0.01866,60257636.0
1777960800000,0.01866,0.01906,0.01845,0.01886,59262259.0
1777982400000,0.01886,0.01886,0.01796,0.0181,36297963.0
1778004000000,0.0181,0.01819,0.01781,0.01809,30323427.0
1778025600000,0.01808,0.01827,0.01749,0.01753,35618516.0
1778047200000,0.01754,0.01804,0.01741,0.01771,28209908.0
1778068800000,0.0177,0.01779,0.01719,0.01742,22872775.0
1778090400000,0.01742,0.01756,0.01709,0.01722,14834716.0
1778112000000,0.01721,0.01749,0.01686,0.01727,25163698.0
1778133600000,0.01728,0.01815,0.01717,0.01768,30030114.0
1778155200000,0.01767,0.01821,0.01744,0.01761,43468434.0
1778176800000,0.01761,0.01774,0.01727,0.01734,21422008.0
1778198400000,0.01734,0.01746,0.01699,0.01705,21260565.0
1778220000000,0.01705,0.01713,0.01677,0.01689,25357068.0
1778241600000,0.01689,0.01731,0.01659,0.01698,38841377.0
1778263200000,0.01698,0.01728,0.01682,0.01722,17271086.0
1778284800000,0.01722,0.01771,0.01709,0.01749,26264144.0
1778306400000,0.01749,0.01756,0.01697,0.01721,16591784.0
1778328000000,0.01721,0.01843,0.01721,0.01808,46142785.0
1778349600000,0.01809,0.01851,0.01786,0.01824,39915919.0
1778371200000,0.01823,0.01857,0.01777,0.01795,43939039.0
1778392800000,0.01794,0.01834,0.01779,0.01822,24162172.0
1778414400000,0.01822,0.01873,0.01802,0.01849,50683150.0
1778436000000,0.01849,0.01896,0.01843,0.01857,32772714.0
1778457600000,0.01858,0.01902,0.01809,0.0189,28462376.0
1778479200000,0.0189,0.01929,0.01743,0.01761,79237151.0
1778500800000,0.01762,0.0178,0.01725,0.01752,34507540.0
1778522400000,0.01752,0.01761,0.01712,0.01731,19762498.0
1778544000000,0.01731,0.0178,0.01723,0.0176,12894031.0
1778565600000,0.0176,0.01799,0.01722,0.01776,17350025.0
1778587200000,0.01776,0.01816,0.01693,0.01695,28933694.0
1778608800000,0.01695,0.01763,0.01694,0.01745,11447301.0
1778630400000,0.01745,0.01782,0.01733,0.01744,7498841.0
1778652000000,0.01744,0.01793,0.01736,0.01755,11034877.0
1778673600000,0.01755,0.01771,0.01671,0.01706,23468033.0
1778695200000,0.01706,0.01767,0.01706,0.01756,14533960.0
1778716800000,0.01756,0.01812,0.0174,0.0178,24586300.0
1778738400000,0.0178,0.0185,0.01749,0.01845,50446575.0
1778760000000,0.01843,0.01884,0.01798,0.01806,73132313.0
1778781600000,0.01807,0.01848,0.01801,0.0182,19339920.0
1778803200000,0.01821,0.01852,0.01816,0.0183,20596327.0
1778824800000,0.0183,0.01923,0.01828,0.01893,69661170.0
1778846400000,0.01893,0.01929,0.01821,0.01909,50986515.0
1778868000000,0.01908,0.01911,0.01842,0.01871,16125862.0
1778889600000,0.01871,0.01916,0.01822,0.01914,25527709.0
1778911200000,0.01914,0.01939,0.01844,0.01867,69801840.0
1778932800000,0.01866,0.01944,0.01833,0.01932,25476238.0
1778954400000,0.01933,0.01937,0.01877,0.01881,12240649.0
1778976000000,0.0188,0.01908,0.01836,0.01899,16798420.0
1778997600000,0.01899,0.01943,0.01862,0.01867,28206912.0
1779019200000,0.01866,0.01929,0.01852,0.01886,21017134.0
1779040800000,0.01886,0.01927,0.01799,0.01923,29248499.0
1779062400000,0.01922,0.01953,0.01652,0.01656,96978416.0
1779084000000,0.01656,0.01664,0.01607,0.01622,26404879.0
1779105600000,0.01622,0.01633,0.01522,0.01558,47769716.0
1779127200000,0.01558,0.01575,0.01523,0.01552,45720726.0
1779148800000,0.01552,0.01701,0.01532,0.0169,42769784.0
1779170400000,0.01689,0.01698,0.01626,0.01632,9419324.0
